site,replicate,trap,year,season,bare_ground,litter,rock,veg
1,1,1,2002,October,60,35,0,5
1,1,2,2002,October,55,45,0,0
1,1,3,2002,October,45,55,0,0
1,1,4,2002,October,35,65,0,0
1,1,5,2002,October,55,10,0,35
1,1,6,2002,October,55,45,0,0
1,1,7,2002,October,70,30,0,0
1,1,8,2002,October,80,15,0,5
1,1,9,2002,October,90,0,0,10
1,1,10,2002,October,80,0,0,20
1,2,1,2002,October,85,0,0,15
1,2,2,2002,October,25,65,0,10
1,2,3,2002,October,70,0,0,30
1,2,4,2002,October,25,0,0,75
1,2,5,2002,October,60,10,0,30
1,2,6,2002,October,70,0,0,30
1,2,7,2002,October,45,35,0,20
1,2,8,2002,October,55,0,0,45
1,2,9,2002,October,25,60,0,15
1,2,10,2002,October,80,0,0,20
1,3,1,2002,October,65,20,0,15
1,3,2,2002,October,70,25,0,5
1,3,3,2002,October,65,0,0,35
1,3,4,2002,October,30,0,0,70
1,3,5,2002,October,55,0,0,45
1,3,6,2002,October,55,0,0,45
1,3,7,2002,October,75,10,0,15
1,3,8,2002,October,80,0,0,20
1,3,9,2002,October,10,0,0,90
1,3,10,2002,October,15,0,0,85
1,4,1,2002,October,80,0,0,20
1,4,2,2002,October,65,0,0,35
1,4,3,2002,October,10,0,0,90
1,4,4,2002,October,75,0,0,25
1,4,5,2002,October,25,0,0,75
1,4,6,2002,October,80,0,0,20
1,4,7,2002,October,65,0,0,35
1,4,8,2002,October,60,0,0,40
1,4,9,2002,October,75,0,0,25
1,4,10,2002,October,25,0,0,75
2,1,1,2002,October,50,30,0,20
2,1,2,2002,October,55,10,0,35
2,1,3,2002,October,55,35,0,10
2,1,4,2002,October,65,15,0,20
2,1,5,2002,October,60,20,0,20
2,1,6,2002,October,20,60,0,20
2,1,7,2002,October,80,20,0,0
2,1,8,2002,October,45,25,0,30
2,1,9,2002,October,35,55,0,10
2,1,10,2002,October,35,30,0,35
2,2,1,2002,October,65,0,0,35
2,2,2,2002,October,30,65,0,5
2,2,3,2002,October,50,40,0,10
2,2,4,2002,October,40,10,0,50
2,2,5,2002,October,30,60,0,10
2,2,6,2002,October,20,0,0,80
2,2,7,2002,October,80,0,0,20
2,2,8,2002,October,30,10,0,60
2,2,9,2002,October,80,0,0,20
2,2,10,2002,October,50,0,0,50
2,3,1,2002,October,60,10,0,30
2,3,2,2002,October,60,0,0,40
2,3,3,2002,October,20,30,0,50
2,3,4,2002,October,60,20,0,20
2,3,5,2002,October,35,0,0,65
2,3,6,2002,October,65,0,0,35
2,3,7,2002,October,45,55,0,0
2,3,8,2002,October,45,55,0,0
2,3,9,2002,October,25,0,0,75
2,3,10,2002,October,70,10,0,20
2,4,1,2002,October,55,0,0,45
2,4,2,2002,October,45,40,0,15
2,4,3,2002,October,90,0,0,10
2,4,4,2002,October,90,0,0,10
2,4,5,2002,October,60,30,0,10
2,4,6,2002,October,55,35,0,10
2,4,7,2002,October,45,45,0,10
2,4,8,2002,October,20,55,0,25
2,4,9,2002,October,80,0,0,20
2,4,10,2002,October,15,75,0,10
3,1,1,2002,October,20,0,0,80
3,1,2,2002,October,20,0,10,70
3,1,3,2002,October,60,0,10,30
3,1,4,2002,October,0,0,10,90
3,1,5,2002,October,60,0,10,30
3,1,6,2002,October,70,0,5,25
3,1,7,2002,October,0,15,5,80
3,1,8,2002,October,20,0,10,70
3,1,9,2002,October,60,0,15,25
3,1,10,2002,October,50,0,10,40
3,2,1,2002,October,60,0,15,25
3,2,2,2002,October,50,0,10,40
3,2,3,2002,October,50,0,5,45
3,2,4,2002,October,10,0,0,90
3,2,5,2002,October,63,0,10,27
3,2,6,2002,October,5,0,0,95
3,2,7,2002,October,50,0,10,40
3,2,8,2002,October,5,0,0,95
3,2,9,2002,October,60,0,20,20
3,2,10,2002,October,45,20,10,25
3,3,1,2002,October,70,0,10,20
3,3,2,2002,October,50,0,10,40
3,3,3,2002,October,40,0,30,30
3,3,4,2002,October,65,0,10,25
3,3,5,2002,October,40,0,10,50
3,3,6,2002,October,80,0,10,10
3,3,7,2002,October,30,0,0,70
3,3,8,2002,October,40,0,20,40
3,3,9,2002,October,25,0,10,65
3,3,10,2002,October,15,0,10,75
3,4,1,2002,October,80,0,5,15
3,4,2,2002,October,80,0,0,20
3,4,3,2002,October,65,0,10,25
3,4,4,2002,October,35,0,15,50
3,4,5,2002,October,65,0,0,35
3,4,6,2002,October,10,0,15,75
3,4,7,2002,October,55,0,10,35
3,4,8,2002,October,50,15,0,35
3,4,9,2002,October,50,0,10,40
3,4,10,2002,October,55,0,10,35
4,1,1,2002,October,60,0,0,40
4,1,2,2002,October,25,0,0,75
4,1,3,2002,October,50,0,0,50
4,1,4,2002,October,35,0,10,55
4,1,5,2002,October,20,0,70,10
4,1,6,2002,October,20,0,10,70
4,1,7,2002,October,30,0,10,60
4,1,8,2002,October,40,0,0,60
4,1,9,2002,October,45,0,5,50
4,1,10,2002,October,25,30,0,45
4,2,1,2002,October,40,0,0,60
4,2,2,2002,October,45,0,20,35
4,2,3,2002,October,45,0,15,40
4,2,4,2002,October,35,0,15,50
4,2,5,2002,October,15,0,0,85
4,2,6,2002,October,35,0,0,65
4,2,7,2002,October,30,0,15,55
4,2,8,2002,October,15,0,0,85
4,2,9,2002,October,70,5,0,25
4,2,10,2002,October,45,10,0,45
4,3,1,2002,October,20,0,0,80
4,3,2,2002,October,65,0,0,35
4,3,3,2002,October,60,0,10,30
4,3,4,2002,October,20,0,10,70
4,3,5,2002,October,75,0,0,25
4,3,6,2002,October,0,75,0,25
4,3,7,2002,October,45,0,0,55
4,3,8,2002,October,30,60,0,10
4,3,9,2002,October,35,0,10,55
4,3,10,2002,October,20,50,0,30
4,4,1,2002,October,20,0,20,60
4,4,2,2002,October,30,0,10,60
4,4,3,2002,October,20,0,15,65
4,4,4,2002,October,20,10,20,50
4,4,5,2002,October,50,0,0,50
4,4,6,2002,October,20,20,60,0
4,4,7,2002,October,20,20,60,0
4,4,8,2002,October,30,0,20,50
4,4,9,2002,October,20,10,30,40
4,4,10,2002,October,30,0,60,10
5,1,1,2002,October,45,0,15,40
5,1,2,2002,October,25,0,0,75
5,1,3,2002,October,40,0,5,55
5,1,4,2002,October,55,0,0,45
5,1,5,2002,October,20,0,0,80
5,1,6,2002,October,55,0,0,45
5,1,7,2002,October,30,0,25,45
5,1,8,2002,October,30,0,45,25
5,1,9,2002,October,20,0,0,80
5,1,10,2002,October,20,0,0,80
5,2,1,2002,October,10,0,35,55
5,2,2,2002,October,25,0,45,30
5,2,3,2002,October,10,0,20,70
5,2,4,2002,October,10,0,35,55
5,2,5,2002,October,20,0,20,60
5,2,6,2002,October,20,0,20,60
5,2,7,2002,October,40,0,50,10
5,2,8,2002,October,25,0,60,15
5,2,9,2002,October,20,0,20,60
5,2,10,2002,October,20,0,50,30
5,3,1,2002,October,30,0,45,25
5,3,2,2002,October,30,0,40,30
5,3,3,2002,October,30,0,55,15
5,3,4,2002,October,5,0,80,15
5,3,5,2002,October,5,20,65,10
5,3,6,2002,October,50,0,30,20
5,3,7,2002,October,15,0,25,60
5,3,8,2002,October,45,0,45,10
5,3,9,2002,October,15,0,55,30
5,3,10,2002,October,10,0,10,80
5,4,1,2002,October,40,0,25,35
5,4,2,2002,October,35,0,55,10
5,4,3,2002,October,10,10,30,50
5,4,4,2002,October,15,10,30,45
5,4,5,2002,October,20,0,35,45
5,4,6,2002,October,35,0,35,30
5,4,7,2002,October,10,20,45,25
5,4,8,2002,October,30,20,10,40
5,4,9,2002,October,10,10,45,35
5,4,10,2002,October,30,0,60,10
6,1,1,2002,October,90,0,0,10
6,1,2,2002,October,80,0,0,20
6,1,3,2002,October,75,0,0,25
6,1,4,2002,October,45,0,0,55
6,1,5,2002,October,25,0,0,75
6,1,6,2002,October,85,0,0,15
6,1,7,2002,October,50,30,0,20
6,1,8,2002,October,80,0,0,20
6,1,9,2002,October,80,0,0,20
6,1,10,2002,October,85,0,0,15
6,2,1,2002,October,20,0,25,55
6,2,2,2002,October,45,0,20,35
6,2,3,2002,October,20,0,45,35
6,2,4,2002,October,10,0,55,35
6,2,5,2002,October,15,0,55,30
6,2,6,2002,October,50,0,30,20
6,2,7,2002,October,20,0,40,40
6,2,8,2002,October,20,0,50,30
6,2,9,2002,October,20,0,45,35
6,2,10,2002,October,20,0,50,30
6,3,1,2002,October,35,0,20,45
6,3,2,2002,October,35,0,45,20
6,3,3,2002,October,30,0,15,55
6,3,4,2002,October,25,0,10,65
6,3,5,2002,October,65,0,0,35
6,3,6,2002,October,35,0,0,65
6,3,7,2002,October,50,0,0,50
6,3,8,2002,October,30,0,10,60
6,3,9,2002,October,10,0,30,60
6,3,10,2002,October,20,0,40,40
6,4,1,2002,October,30,0,20,50
6,4,2,2002,October,20,0,30,50
6,4,3,2002,October,25,0,25,50
6,4,4,2002,October,30,0,30,40
6,4,5,2002,October,25,0,30,45
6,4,6,2002,October,30,0,30,40
6,4,7,2002,October,70,0,10,20
6,4,8,2002,October,60,0,20,20
6,4,9,2002,October,30,0,30,40
6,4,10,2002,October,30,0,30,40
7,1,1,2002,October,25,0,0,75
7,1,2,2002,October,70,0,10,20
7,1,3,2002,October,15,0,15,70
7,1,4,2002,October,20,0,5,75
7,1,5,2002,October,35,0,25,40
7,1,6,2002,October,45,0,20,35
7,1,7,2002,October,55,0,10,35
7,1,8,2002,October,30,0,20,50
7,1,9,2002,October,55,0,10,35
7,1,10,2002,October,30,0,15,55
7,2,1,2002,October,50,0,35,15
7,2,2,2002,October,50,0,25,25
7,2,3,2002,October,50,0,25,25
7,2,4,2002,October,30,0,10,60
7,2,5,2002,October,45,0,30,25
7,2,6,2002,October,40,0,20,40
7,2,7,2002,October,40,0,40,20
7,2,8,2002,October,55,0,15,30
7,2,9,2002,October,60,0,20,20
7,2,10,2002,October,15,0,15,70
7,3,1,2002,October,60,0,10,30
7,3,2,2002,October,40,0,5,55
7,3,3,2002,October,30,0,30,40
7,3,4,2002,October,60,0,20,20
7,3,5,2002,October,45,10,25,20
7,3,6,2002,October,50,10,20,20
7,3,7,2002,October,30,0,10,60
7,3,8,2002,October,50,0,25,25
7,3,9,2002,October,30,0,50,20
7,3,10,2002,October,50,0,30,20
7,4,1,2002,October,30,0,40,30
7,4,2,2002,October,25,0,20,55
7,4,3,2002,October,20,0,15,65
7,4,4,2002,October,55,0,20,25
7,4,5,2002,October,65,0,10,25
7,4,6,2002,October,30,0,20,50
7,4,7,2002,October,30,0,20,50
7,4,8,2002,October,35,0,15,50
7,4,9,2002,October,20,0,40,40
7,4,10,2002,October,20,0,45,35
8,1,1,2002,October,70,0,5,25
8,1,2,2002,October,75,0,5,20
8,1,3,2002,October,60,5,15,20
8,1,4,2002,October,60,0,5,35
8,1,5,2002,October,60,10,0,30
8,1,6,2002,October,90,0,0,10
8,1,7,2002,October,45,10,0,45
8,1,8,2002,October,70,0,0,30
8,1,9,2002,October,60,0,5,35
8,1,10,2002,October,45,15,0,40
8,2,1,2002,October,60,0,20,20
8,2,2,2002,October,50,0,20,30
8,2,3,2002,October,60,0,20,20
8,2,4,2002,October,20,10,0,70
8,2,5,2002,October,60,0,0,40
8,2,6,2002,October,50,0,20,30
8,2,7,2002,October,65,0,15,20
8,2,8,2002,October,40,0,40,20
8,2,9,2002,October,50,25,15,10
8,2,10,2002,October,60,0,20,20
8,3,1,2002,October,45,0,20,35
8,3,2,2002,October,20,0,30,50
8,3,3,2002,October,20,0,15,65
8,3,4,2002,October,20,10,20,50
8,3,5,2002,October,40,0,20,40
8,3,6,2002,October,20,0,30,50
8,3,7,2002,October,30,15,40,15
8,3,8,2002,October,50,0,25,25
8,3,9,2002,October,50,0,30,20
8,3,10,2002,October,50,0,30,20
8,4,1,2002,October,60,10,0,30
8,4,2,2002,October,40,10,20,30
8,4,3,2002,October,30,0,30,40
8,4,4,2002,October,30,10,25,35
8,4,5,2002,October,10,10,40,40
8,4,6,2002,October,40,20,20,20
8,4,7,2002,October,30,0,40,30
8,4,8,2002,October,60,0,15,25
8,4,9,2002,October,25,15,20,40
8,4,10,2002,October,50,0,0,50
9,1,1,2002,October,10,0,20,70
9,1,2,2002,October,10,0,20,70
9,1,3,2002,October,10,0,15,75
9,1,4,2002,October,20,0,20,60
9,1,5,2002,October,15,0,20,65
9,1,6,2002,October,20,0,15,65
9,1,7,2002,October,25,0,25,50
9,1,8,2002,October,10,0,15,75
9,1,9,2002,October,10,0,25,65
9,1,10,2002,October,50,0,25,25
9,2,1,2002,October,20,0,20,60
9,2,2,2002,October,30,0,20,50
9,2,3,2002,October,40,0,30,30
9,2,4,2002,October,20,0,30,50
9,2,5,2002,October,15,0,25,60
9,2,6,2002,October,15,0,30,55
9,2,7,2002,October,20,0,30,50
9,2,8,2002,October,30,0,20,50
9,2,9,2002,October,30,0,20,50
9,2,10,2002,October,50,0,0,50
9,3,1,2002,October,15,0,35,50
9,3,2,2002,October,20,0,30,50
9,3,3,2002,October,30,0,20,50
9,3,4,2002,October,50,0,25,25
9,3,5,2002,October,30,0,20,50
9,3,6,2002,October,30,0,40,30
9,3,7,2002,October,30,0,20,50
9,3,8,2002,October,30,0,40,30
9,3,9,2002,October,30,10,20,40
9,3,10,2002,October,30,0,25,45
9,4,1,2002,October,40,0,30,30
9,4,2,2002,October,40,0,20,40
9,4,3,2002,October,35,0,25,40
9,4,4,2002,October,25,0,30,45
9,4,5,2002,October,50,0,20,30
9,4,6,2002,October,20,0,40,40
9,4,7,2002,October,30,0,15,55
9,4,8,2002,October,40,0,35,25
9,4,9,2002,October,30,0,50,20
9,4,10,2002,October,40,0,40,20
10,1,1,2002,October,10,0,40,50
10,1,2,2002,October,20,0,50,30
10,1,3,2002,October,10,0,30,60
10,1,4,2002,October,20,0,20,60
10,1,5,2002,October,20,0,15,65
10,1,6,2002,October,15,0,45,40
10,1,7,2002,October,25,0,45,30
10,1,8,2002,October,30,0,30,40
10,1,9,2002,October,50,0,25,25
10,1,10,2002,October,20,0,40,40
10,2,1,2002,October,10,0,25,65
10,2,2,2002,October,30,0,30,40
10,2,3,2002,October,40,0,30,30
10,2,4,2002,October,30,0,30,40
10,2,5,2002,October,30,0,40,30
10,2,6,2002,October,25,0,45,30
10,2,7,2002,October,30,0,45,25
10,2,8,2002,October,20,0,60,20
10,2,9,2002,October,20,0,60,20
10,2,10,2002,October,30,0,30,40
10,3,1,2002,October,40,0,25,35
10,3,2,2002,October,20,0,40,40
10,3,3,2002,October,30,0,30,40
10,3,4,2002,October,10,0,60,30
10,3,5,2002,October,20,0,50,30
10,3,6,2002,October,30,0,40,30
10,3,7,2002,October,30,0,30,40
10,3,8,2002,October,10,0,50,40
10,3,9,2002,October,10,0,50,40
10,3,10,2002,October,35,0,45,20
10,4,1,2002,October,10,0,40,50
10,4,2,2002,October,30,0,20,50
10,4,3,2002,October,30,0,15,55
10,4,4,2002,October,40,0,15,45
10,4,5,2002,October,30,0,10,60
10,4,6,2002,October,20,0,20,60
10,4,7,2002,October,25,0,15,60
10,4,8,2002,October,40,0,0,60
10,4,9,2002,October,40,0,0,60
10,4,10,2002,October,50,0,10,40
11,1,1,2002,October,60,0,30,10
11,1,2,2002,October,50,0,10,40
11,1,3,2002,October,55,0,30,15
11,1,4,2002,October,70,0,20,10
11,1,5,2002,October,55,0,30,15
11,1,6,2002,October,60,0,25,15
11,1,7,2002,October,40,0,60,0
11,1,8,2002,October,70,0,20,10
11,1,9,2002,October,80,0,0,20
11,1,10,2002,October,50,0,40,10
11,2,1,2002,October,85,0,5,10
11,2,2,2002,October,40,0,30,30
11,2,3,2002,October,60,0,30,10
11,2,4,2002,October,65,0,20,15
11,2,5,2002,October,50,0,35,15
11,2,6,2002,October,75,0,5,20
11,2,7,2002,October,75,0,5,20
11,2,8,2002,October,60,0,20,20
11,2,9,2002,October,65,0,15,20
11,2,10,2002,October,55,0,20,25
11,3,1,2002,October,0,0,30,70
11,3,2,2002,October,0,0,20,80
11,3,3,2002,October,10,0,0,90
11,3,4,2002,October,25,0,0,75
11,3,5,2002,October,50,0,15,35
11,3,6,2002,October,20,0,0,80
11,3,7,2002,October,40,0,40,20
11,3,8,2002,October,10,0,15,75
11,3,9,2002,October,10,0,75,15
11,3,10,2002,October,15,0,20,65
11,4,1,2002,October,80,0,0,20
11,4,2,2002,October,90,0,0,10
11,4,3,2002,October,90,0,0,10
11,4,4,2002,October,30,0,0,70
11,4,5,2002,October,30,0,0,70
11,4,6,2002,October,60,0,0,40
11,4,7,2002,October,80,0,0,20
11,4,8,2002,October,80,0,0,20
11,4,9,2002,October,80,0,0,20
11,4,10,2002,October,80,0,0,20
12,1,1,2002,October,10,0,60,30
12,1,2,2002,October,20,0,60,20
12,1,3,2002,October,30,0,55,15
12,1,4,2002,October,20,0,50,30
12,1,5,2002,October,30,10,40,20
12,1,6,2002,October,25,5,45,25
12,1,7,2002,October,40,0,40,20
12,1,8,2002,October,25,15,35,25
12,1,9,2002,October,15,0,70,15
12,1,10,2002,October,30,0,40,30
12,2,1,2002,October,20,0,40,40
12,2,2,2002,October,30,0,50,20
12,2,3,2002,October,20,0,30,50
12,2,4,2002,October,10,0,30,60
12,2,5,2002,October,20,0,40,40
12,2,6,2002,October,30,0,50,20
12,2,7,2002,October,15,0,25,60
12,2,8,2002,October,10,0,75,15
12,2,9,2002,October,20,0,60,20
12,2,10,2002,October,10,0,70,20
12,3,1,2002,October,50,0,25,25
12,3,2,2002,October,15,0,25,60
12,3,3,2002,October,30,0,30,40
12,3,4,2002,October,20,0,60,20
12,3,5,2002,October,10,0,60,30
12,3,6,2002,October,15,0,60,25
12,3,7,2002,October,10,0,55,35
12,3,8,2002,October,20,0,25,55
12,3,9,2002,October,30,0,30,40
12,3,10,2002,October,10,0,60,30
12,4,1,2002,October,10,0,70,20
12,4,2,2002,October,10,0,80,10
12,4,3,2002,October,15,0,65,20
12,4,4,2002,October,15,0,50,35
12,4,5,2002,October,20,0,55,25
12,4,6,2002,October,15,0,60,25
12,4,7,2002,October,20,0,50,30
12,4,8,2002,October,20,0,60,20
12,4,9,2002,October,20,0,50,30
12,4,10,2002,October,20,20,40,20
13,1,1,2002,October,50,0,20,30
13,1,2,2002,October,60,0,15,25
13,1,3,2002,October,60,0,10,30
13,1,4,2002,October,50,0,20,30
13,1,5,2002,October,40,0,10,50
13,1,6,2002,October,60,0,10,30
13,1,7,2002,October,60,0,0,40
13,1,8,2002,October,70,0,0,30
13,1,9,2002,October,60,0,0,40
13,1,10,2002,October,55,0,0,45
13,2,1,2002,October,70,0,0,30
13,2,2,2002,October,50,0,30,20
13,2,3,2002,October,50,0,30,20
13,2,4,2002,October,50,0,25,25
13,2,5,2002,October,40,0,40,20
13,2,6,2002,October,55,0,20,25
13,2,7,2002,October,70,0,10,20
13,2,8,2002,October,40,0,20,40
13,2,9,2002,October,35,0,20,45
13,2,10,2002,October,45,0,25,30
13,3,1,2002,October,45,0,25,30
13,3,2,2002,October,30,0,30,40
13,3,3,2002,October,40,0,40,20
13,3,4,2002,October,25,0,55,20
13,3,5,2002,October,20,0,55,25
13,3,6,2002,October,25,0,25,50
13,3,7,2002,October,30,0,50,20
13,3,8,2002,October,20,0,20,60
13,3,9,2002,October,40,0,20,40
13,3,10,2002,October,40,0,60,0
13,4,1,2002,October,50,0,30,20
13,4,2,2002,October,20,0,20,60
13,4,3,2002,October,20,0,40,40
13,4,4,2002,October,20,0,20,60
13,4,5,2002,October,20,0,40,40
13,4,6,2002,October,20,0,30,50
13,4,7,2002,October,30,0,50,20
13,4,8,2002,October,40,0,35,25
13,4,9,2002,October,50,0,20,30
13,4,10,2002,October,20,0,45,35
14,1,1,2002,October,30,0,0,70
14,1,2,2002,October,20,0,0,80
14,1,3,2002,October,60,0,10,30
14,1,4,2002,October,50,0,30,20
14,1,5,2002,October,15,0,40,45
14,1,6,2002,October,40,0,40,20
14,1,7,2002,October,45,0,35,20
14,1,8,2002,October,30,0,15,55
14,1,9,2002,October,25,0,0,75
14,1,10,2002,October,30,0,0,70
14,2,1,2002,October,60,0,20,20
14,2,2,2002,October,20,0,40,20
14,2,3,2002,October,50,0,0,50
14,2,4,2002,October,60,0,10,30
14,2,5,2002,October,15,0,60,25
14,2,6,2002,October,10,0,0,90
14,2,7,2002,October,60,0,0,40
14,2,8,2002,October,50,0,0,50
14,2,9,2002,October,60,0,15,25
14,2,10,2002,October,55,0,0,45
14,3,1,2002,October,30,0,60,10
14,3,2,2002,October,45,0,30,25
14,3,3,2002,October,60,0,10,30
14,3,4,2002,October,60,0,0,40
14,3,5,2002,October,60,0,20,20
14,3,6,2002,October,50,0,30,20
14,3,7,2002,October,45,0,15,40
14,3,8,2002,October,80,0,0,20
14,3,9,2002,October,40,0,30,30
14,3,10,2002,October,60,0,20,20
14,4,1,2002,October,70,0,0,30
14,4,2,2002,October,40,0,0,60
14,4,3,2002,October,40,0,0,60
14,4,4,2002,October,50,0,0,50
14,4,5,2002,October,60,0,0,40
14,4,6,2002,October,75,0,0,25
14,4,7,2002,October,65,0,0,35
14,4,8,2002,October,60,0,0,40
14,4,9,2002,October,75,0,0,25
14,4,10,2002,October,65,0,0,35
15,1,1,2002,October,55,30,0,15
15,1,2,2002,October,60,0,0,40
15,1,3,2002,October,55,0,0,45
15,1,4,2002,October,55,0,0,45
15,1,5,2002,October,55,0,0,45
15,1,6,2002,October,55,0,0,45
15,1,7,2002,October,60,0,0,40
15,1,8,2002,October,60,0,0,40
15,1,9,2002,October,70,0,0,30
15,1,10,2002,October,60,0,0,40
15,2,1,2002,October,70,0,0,30
15,2,2,2002,October,60,0,0,40
15,2,3,2002,October,20,0,0,80
15,2,4,2002,October,65,0,0,35
15,2,5,2002,October,75,0,0,25
15,2,6,2002,October,70,0,0,30
15,2,7,2002,October,80,0,0,20
15,2,8,2002,October,65,0,0,35
15,2,9,2002,October,50,0,0,50
15,2,10,2002,October,70,0,0,30
15,3,1,2002,October,70,0,0,30
15,3,2,2002,October,60,0,0,40
15,3,3,2002,October,70,0,0,30
15,3,4,2002,October,75,0,0,25
15,3,5,2002,October,70,0,0,30
15,3,6,2002,October,75,0,0,25
15,3,7,2002,October,60,0,0,40
15,3,8,2002,October,55,0,0,45
15,3,9,2002,October,65,0,0,35
15,3,10,2002,October,65,0,0,35
15,4,1,2002,October,90,0,0,10
15,4,2,2002,October,90,0,0,10
15,4,3,2002,October,95,0,0,5
15,4,4,2002,October,80,0,0,20
15,4,5,2002,October,80,0,0,20
15,4,6,2002,October,90,0,0,10
15,4,7,2002,October,70,10,0,20
15,4,8,2002,October,70,0,0,30
15,4,9,2002,October,80,0,0,20
15,4,10,2002,October,50,0,0,50
16,1,1,2002,October,65,0,15,20
16,1,2,2002,October,75,0,10,15
16,1,3,2002,October,75,0,5,20
16,1,4,2002,October,75,0,10,15
16,1,5,2002,October,70,0,20,10
16,1,6,2002,October,60,0,20,20
16,1,7,2002,October,60,0,20,20
16,1,8,2002,October,40,0,40,20
16,1,9,2002,October,70,0,20,10
16,1,10,2002,October,60,0,30,10
16,2,1,2002,October,65,0,15,20
16,2,2,2002,October,80,0,20,0
16,2,3,2002,October,80,0,0,20
16,2,4,2002,October,60,0,30,10
16,2,5,2002,October,35,0,45,20
16,2,6,2002,October,50,0,40,10
16,2,7,2002,October,80,0,5,15
16,2,8,2002,October,70,0,10,20
16,2,9,2002,October,80,0,0,20
16,2,10,2002,October,80,0,0,20
16,3,1,2002,October,70,0,20,10
16,3,2,2002,October,30,0,50,20
16,3,3,2002,October,30,0,50,20
16,3,4,2002,October,40,0,40,20
16,3,5,2002,October,40,0,50,10
16,3,6,2002,October,30,0,50,20
16,3,7,2002,October,35,0,50,15
16,3,8,2002,October,40,0,40,20
16,3,9,2002,October,35,0,45,20
16,3,10,2002,October,50,0,30,20
16,4,1,2002,October,50,0,10,40
16,4,2,2002,October,45,0,15,40
16,4,3,2002,October,60,0,10,30
16,4,4,2002,October,50,0,15,35
16,4,5,2002,October,60,0,20,20
16,4,6,2002,October,30,0,50,20
16,4,7,2002,October,60,0,20,20
16,4,8,2002,October,40,0,20,40
16,4,9,2002,October,20,0,30,50
16,4,10,2002,October,50,0,30,20
17,1,1,2002,October,40,0,50,10
17,1,2,2002,October,45,0,45,10
17,1,3,2002,October,45,0,55,0
17,1,4,2002,October,45,0,55,0
17,1,5,2002,October,45,0,45,10
17,1,6,2002,October,50,0,45,5
17,1,7,2002,October,40,0,55,5
17,1,8,2002,October,45,0,50,5
17,1,9,2002,October,45,0,40,15
17,1,10,2002,October,50,0,30,20
17,2,1,2002,October,50,0,40,10
17,2,2,2002,October,65,0,30,5
17,2,3,2002,October,65,0,15,20
17,2,4,2002,October,50,0,45,5
17,2,5,2002,October,65,0,15,20
17,2,6,2002,October,40,0,55,5
17,2,7,2002,October,50,0,30,20
17,2,8,2002,October,50,0,45,5
17,2,9,2002,October,30,0,60,10
17,2,10,2002,October,60,0,25,15
17,3,1,2002,October,25,0,70,5
17,3,2,2002,October,65,0,20,15
17,3,3,2002,October,30,0,65,5
17,3,4,2002,October,30,0,70,0
17,3,5,2002,October,25,0,70,5
17,3,6,2002,October,15,0,70,15
17,3,7,2002,October,15,0,80,5
17,3,8,2002,October,15,0,80,5
17,3,9,2002,October,35,0,60,5
17,3,10,2002,October,45,20,5,30
17,4,1,2002,October,35,0,50,15
17,4,2,2002,October,25,0,65,10
17,4,3,2002,October,25,0,70,5
17,4,4,2002,October,30,0,60,10
17,4,5,2002,October,20,0,60,20
17,4,6,2002,October,60,0,20,20
17,4,7,2002,October,45,0,50,5
17,4,8,2002,October,20,10,70,0
17,4,9,2002,October,20,0,50,30
17,4,10,2002,October,15,0,70,15
1,1,1,2003,March,70,0,0,30
1,1,2,2003,March,40,20,0,40
1,1,3,2003,March,25,0,0,75
1,1,4,2003,March,10,10,0,80
1,1,5,2003,March,60,0,0,50
1,1,6,2003,March,75,10,0,15
1,1,7,2003,March,60,0,0,40
1,1,8,2003,March,70,0,0,30
1,1,9,2003,March,40,0,0,60
1,1,10,2003,March,25,0,0,75
1,2,1,2003,March,30,0,0,70
1,2,2,2003,March,80,0,0,20
1,2,3,2003,March,25,0,0,75
1,2,4,2003,March,85,0,0,15
1,2,5,2003,March,95,0,0,5
1,2,6,2003,March,80,0,0,20
1,2,7,2003,March,60,0,0,40
1,2,8,2003,March,85,0,0,15
1,2,9,2003,March,30,0,0,70
1,2,10,2003,March,85,0,0,15
1,3,1,2003,March,90,0,0,10
1,3,2,2003,March,75,0,0,25
1,3,3,2003,March,40,0,0,60
1,3,4,2003,March,50,0,0,50
1,3,5,2003,March,55,0,0,45
1,3,6,2003,March,60,0,0,40
1,3,7,2003,March,30,0,0,70
1,3,8,2003,March,80,0,0,20
1,3,9,2003,March,60,0,0,40
1,3,10,2003,March,85,0,0,15
1,4,1,2003,March,85,0,0,15
1,4,2,2003,March,60,0,0,40
1,4,3,2003,March,20,0,0,80
1,4,4,2003,March,65,0,0,35
1,4,5,2003,March,40,0,0,60
1,4,6,2003,March,70,0,0,30
1,4,7,2003,March,80,0,0,20
1,4,8,2003,March,75,15,0,10
1,4,9,2003,March,60,0,0,40
1,4,10,2003,March,75,15,0,10
2,1,1,2003,March,85,15,0,0
2,1,2,2003,March,75,10,0,15
2,1,3,2003,March,25,0,0,75
2,1,4,2003,March,85,0,0,15
2,1,5,2003,March,80,0,0,20
2,1,6,2003,March,80,20,0,0
2,1,7,2003,March,65,20,0,15
2,1,8,2003,March,60,0,0,40
2,1,9,2003,March,60,0,0,40
2,1,10,2003,March,75,5,0,20
2,2,1,2003,March,55,0,0,45
2,2,2,2003,March,20,0,0,80
2,2,3,2003,March,25,0,0,75
2,2,4,2003,March,60,0,10,30
2,2,5,2003,March,40,10,10,40
2,2,6,2003,March,20,80,0,0
2,2,7,2003,March,90,10,0,0
2,2,8,2003,March,60,0,0,40
2,2,9,2003,March,85,0,0,15
2,2,10,2003,March,10,0,0,90
2,3,1,2003,March,95,0,0,5
2,3,2,2003,March,70,10,10,10
2,3,3,2003,March,80,0,0,20
2,3,4,2003,March,80,10,0,10
2,3,5,2003,March,70,20,0,10
2,3,6,2003,March,80,5,0,15
2,3,7,2003,March,80,15,0,5
2,3,8,2003,March,90,5,0,5
2,3,9,2003,March,70,20,0,10
2,3,10,2003,March,60,40,0,0
2,4,1,2003,March,60,20,0,20
2,4,2,2003,March,80,0,0,20
2,4,3,2003,March,45,0,10,45
2,4,4,2003,March,70,0,5,25
2,4,5,2003,March,65,0,0,35
2,4,6,2003,March,65,0,5,30
2,4,7,2003,March,60,20,0,20
2,4,8,2003,March,60,10,0,30
2,4,9,2003,March,70,10,0,20
2,4,10,2003,March,80,0,0,20
3,1,1,2003,March,65,0,15,20
3,1,2,2003,March,65,0,15,20
3,1,3,2003,March,75,0,5,20
3,1,4,2003,March,60,0,20,20
3,1,5,2003,March,70,0,0,30
3,1,6,2003,March,70,0,10,20
3,1,7,2003,March,70,0,5,25
3,1,8,2003,March,70,0,5,25
3,1,9,2003,March,65,10,0,25
3,1,10,2003,March,60,0,20,20
3,2,1,2003,March,60,10,15,15
3,2,2,2003,March,60,0,10,30
3,2,3,2003,March,50,0,0,50
3,2,4,2003,March,40,0,0,60
3,2,5,2003,March,60,0,0,40
3,2,6,2003,March,60,15,5,20
3,2,7,2003,March,55,0,5,40
3,2,8,2003,March,60,0,0,40
3,2,9,2003,March,65,0,0,35
3,2,10,2003,March,40,0,20,40
3,3,1,2003,March,10,0,0,90
3,3,2,2003,March,50,0,0,50
3,3,3,2003,March,80,0,0,20
3,3,4,2003,March,75,0,15,10
3,3,5,2003,March,15,0,0,85
3,3,6,2003,March,60,10,0,30
3,3,7,2003,March,60,20,0,20
3,3,8,2003,March,65,15,0,20
3,3,9,2003,March,60,0,0,40
3,3,10,2003,March,40,10,0,50
3,4,1,2003,March,60,20,10,10
3,4,2,2003,March,55,30,15,0
3,4,3,2003,March,75,0,15,10
3,4,4,2003,March,55,0,5,40
3,4,5,2003,March,60,0,0,40
3,4,6,2003,March,80,10,0,10
3,4,7,2003,March,75,10,15,0
3,4,8,2003,March,40,50,0,10
3,4,9,2003,March,60,0,0,40
3,4,10,2003,March,70,10,0,20
4,1,1,2003,March,60,10,0,30
4,1,2,2003,March,50,10,0,40
4,1,3,2003,March,45,0,0,55
4,1,4,2003,March,55,10,15,20
4,1,5,2003,March,40,0,0,60
4,1,6,2003,March,40,0,20,40
4,1,7,2003,March,55,10,5,30
4,1,8,2003,March,60,5,15,20
4,1,9,2003,March,40,10,0,50
4,1,10,2003,March,55,5,15,25
4,2,1,2003,March,60,10,15,15
4,2,2,2003,March,70,10,10,10
4,2,3,2003,March,50,15,0,35
4,2,4,2003,March,40,15,5,40
4,2,5,2003,March,45,40,0,15
4,2,6,2003,March,35,20,0,45
4,2,7,2003,March,25,10,0,65
4,2,8,2003,March,30,10,0,60
4,2,9,2003,March,60,10,30,0
4,2,10,2003,March,40,30,0,30
4,3,1,2003,March,35,15,0,50
4,3,2,2003,March,45,15,0,40
4,3,3,2003,March,45,5,0,50
4,3,4,2003,March,15,25,0,60
4,3,5,2003,March,15,75,0,10
4,3,6,2003,March,40,5,0,55
4,3,7,2003,March,45,15,0,40
4,3,8,2003,March,40,10,0,50
4,3,9,2003,March,55,20,0,25
4,3,10,2003,March,45,10,5,40
4,4,1,2003,March,65,15,0,20
4,4,2,2003,March,50,15,0,35
4,4,3,2003,March,60,10,20,10
4,4,4,2003,March,35,15,20,30
4,4,5,2003,March,20,0,15,65
4,4,6,2003,March,25,5,15,55
4,4,7,2003,March,50,5,25,20
4,4,8,2003,March,5,60,0,35
4,4,9,2003,March,50,5,40,5
4,4,10,2003,March,40,45,15,0
5,1,1,2003,March,15,5,40,40
5,1,2,2003,March,0,0,50,50
5,1,3,2003,March,15,0,50,35
5,1,4,2003,March,20,0,30,50
5,1,5,2003,March,25,5,30,40
5,1,6,2003,March,15,0,45,40
5,1,7,2003,March,5,0,50,45
5,1,8,2003,March,10,0,55,35
5,1,9,2003,March,5,0,30,65
5,1,10,2003,March,45,10,25,20
5,2,1,2003,March,5,80,0,15
5,2,2,2003,March,40,0,0,60
5,2,3,2003,March,30,0,0,70
5,2,4,2003,March,50,20,0,30
5,2,5,2003,March,60,20,0,20
5,2,6,2003,March,20,0,10,70
5,2,7,2003,March,45,0,50,5
5,2,8,2003,March,30,20,10,40
5,2,9,2003,March,40,0,30,30
5,2,10,2003,March,30,30,5,35
5,3,1,2003,March,10,10,20,60
5,3,2,2003,March,0,5,20,75
5,3,3,2003,March,10,30,30,30
5,3,4,2003,March,0,30,50,20
5,3,5,2003,March,5,20,40,35
5,3,6,2003,March,0,80,10,10
5,3,7,2003,March,0,0,10,90
5,3,8,2003,March,20,30,30,20
5,3,9,2003,March,0,20,0,80
5,3,10,2003,March,15,5,40,40
5,4,1,2003,March,20,40,10,30
5,4,2,2003,March,25,20,40,15
5,4,3,2003,March,10,10,25,55
5,4,4,2003,March,10,20,25,45
5,4,5,2003,March,30,30,0,40
5,4,6,2003,March,10,60,15,15
5,4,7,2003,March,0,30,30,40
5,4,8,2003,March,10,10,40,40
5,4,9,2003,March,0,10,20,70
5,4,10,2003,March,0,0,0,100
6,1,1,2003,March,35,0,45,20
6,1,2,2003,March,20,0,60,20
6,1,3,2003,March,30,15,40,15
6,1,4,2003,March,10,0,0,90
6,1,5,2003,March,0,0,5,95
6,1,6,2003,March,10,0,60,30
6,1,7,2003,March,20,0,5,75
6,1,8,2003,March,5,0,30,65
6,1,9,2003,March,10,0,60,30
6,1,10,2003,March,20,0,40,40
6,2,1,2003,March,70,0,0,30
6,2,2,2003,March,85,0,0,15
6,2,3,2003,March,75,5,0,20
6,2,4,2003,March,85,0,0,15
6,2,5,2003,March,80,0,0,20
6,2,6,2003,March,85,5,5,5
6,2,7,2003,March,75,10,0,15
6,2,8,2003,March,70,0,0,30
6,2,9,2003,March,70,15,0,15
6,2,10,2003,March,80,0,0,20
6,3,1,2003,March,30,10,25,35
6,3,2,2003,March,45,0,20,35
6,3,3,2003,March,70,0,15,15
6,3,4,2003,March,35,0,25,40
6,3,5,2003,March,40,0,20,40
6,3,6,2003,March,45,0,40,15
6,3,7,2003,March,25,10,40,25
6,3,8,2003,March,50,0,25,25
6,3,9,2003,March,55,0,15,30
6,3,10,2003,March,50,0,15,35
6,4,1,2003,March,45,0,0,55
6,4,2,2003,March,25,0,0,75
6,4,3,2003,March,50,0,20,30
6,4,4,2003,March,30,0,20,50
6,4,5,2003,March,40,0,20,40
6,4,6,2003,March,40,0,30,30
6,4,7,2003,March,35,0,50,15
6,4,8,2003,March,60,0,20,20
6,4,9,2003,March,70,0,0,30
6,4,10,2003,March,70,5,0,25
7,1,1,2003,March,20,0,15,65
7,1,2,2003,March,45,0,15,40
7,1,3,2003,March,55,0,15,30
7,1,4,2003,March,45,0,15,40
7,1,5,2003,March,20,0,20,60
7,1,6,2003,March,35,10,20,35
7,1,7,2003,March,40,0,25,35
7,1,8,2003,March,30,0,20,50
7,1,9,2003,March,40,10,15,35
7,1,10,2003,March,20,0,5,75
7,2,1,2003,March,45,0,25,30
7,2,2,2003,March,30,0,20,50
7,2,3,2003,March,25,0,30,45
7,2,4,2003,March,25,10,30,35
7,2,5,2003,March,15,0,30,55
7,2,6,2003,March,40,0,15,45
7,2,7,2003,March,30,0,20,50
7,2,8,2003,March,40,0,30,30
7,2,9,2003,March,35,0,40,25
7,2,10,2003,March,25,0,45,30
7,3,1,2003,March,35,0,20,45
7,3,2,2003,March,50,0,20,30
7,3,3,2003,March,10,10,0,80
7,3,4,2003,March,50,20,0,30
7,3,5,2003,March,40,0,35,25
7,3,6,2003,March,20,0,15,65
7,3,7,2003,March,10,10,20,60
7,3,8,2003,March,25,10,5,60
7,3,9,2003,March,0,5,15,80
7,3,10,2003,March,40,0,25,35
7,4,1,2003,March,45,10,5,40
7,4,2,2003,March,30,0,20,50
7,4,3,2003,March,50,10,0,40
7,4,4,2003,March,55,0,0,45
7,4,5,2003,March,30,0,10,60
7,4,6,2003,March,55,10,5,30
7,4,7,2003,March,35,0,5,60
7,4,8,2003,March,20,10,10,60
7,4,9,2003,March,30,20,0,50
7,4,10,2003,March,55,0,15,30
8,1,1,2003,March,65,0,15,20
8,1,2,2003,March,60,0,10,30
8,1,3,2003,March,55,0,15,30
8,1,4,2003,March,40,0,0,60
8,1,5,2003,March,10,0,20,70
8,1,6,2003,March,40,0,0,60
8,1,7,2003,March,30,0,0,70
8,1,8,2003,March,60,0,20,20
8,1,9,2003,March,55,0,25,20
8,1,10,2003,March,55,0,10,35
8,2,1,2003,March,60,0,0,40
8,2,2,2003,March,40,0,10,50
8,2,3,2003,March,70,0,0,30
8,2,4,2003,March,40,0,20,40
8,2,5,2003,March,65,0,10,25
8,2,6,2003,March,50,0,20,30
8,2,7,2003,March,60,0,15,25
8,2,8,2003,March,30,0,20,50
8,2,9,2003,March,50,0,30,20
8,2,10,2003,March,65,0,15,20
8,3,1,2003,March,60,0,10,30
8,3,2,2003,March,15,0,20,65
8,3,3,2003,March,15,0,15,70
8,3,4,2003,March,45,0,5,50
8,3,5,2003,March,35,0,15,50
8,3,6,2003,March,30,0,30,40
8,3,7,2003,March,40,0,20,40
8,3,8,2003,March,10,0,10,80
8,3,9,2003,March,35,0,30,35
8,3,10,2003,March,10,0,10,80
8,4,1,2003,March,40,0,20,40
8,4,2,2003,March,15,15,30,40
8,4,3,2003,March,20,0,20,60
8,4,4,2003,March,60,10,20,10
8,4,5,2003,March,20,0,20,60
8,4,6,2003,March,35,10,30,25
8,4,7,2003,March,20,0,30,50
8,4,8,2003,March,20,0,20,60
8,4,9,2003,March,30,20,20,30
8,4,10,2003,March,15,0,25,60
9,1,1,2003,March,10,0,20,70
9,1,2,2003,March,10,0,20,70
9,1,3,2003,March,10,0,20,70
9,1,4,2003,March,20,0,20,60
9,1,5,2003,March,35,0,20,45
9,1,6,2003,March,25,0,10,65
9,1,7,2003,March,15,0,15,70
9,1,8,2003,March,10,0,10,80
9,1,9,2003,March,15,0,20,65
9,1,10,2003,March,5,0,20,75
9,2,1,2003,March,10,0,20,70
9,2,2,2003,March,5,0,20,75
9,2,3,2003,March,30,0,30,40
9,2,4,2003,March,25,0,15,60
9,2,5,2003,March,5,0,30,65
9,2,6,2003,March,25,0,20,55
9,2,7,2003,March,20,0,20,60
9,2,8,2003,March,40,0,15,45
9,2,9,2003,March,5,0,20,75
9,2,10,2003,March,10,0,20,70
9,3,1,2003,March,30,0,10,60
9,3,2,2003,March,50,0,0,50
9,3,3,2003,March,40,0,0,60
9,3,4,2003,March,15,0,10,75
9,3,5,2003,March,20,0,10,70
9,3,6,2003,March,25,10,15,50
9,3,7,2003,March,10,0,15,75
9,3,8,2003,March,15,0,0,85
9,3,9,2003,March,50,0,10,40
9,3,10,2003,March,15,0,5,80
9,4,1,2003,March,10,0,0,90
9,4,2,2003,March,25,0,0,75
9,4,3,2003,March,10,0,0,90
9,4,4,2003,March,20,0,0,80
9,4,5,2003,March,30,0,0,70
9,4,6,2003,March,20,0,15,65
9,4,7,2003,March,40,0,0,60
9,4,8,2003,March,20,0,0,80
9,4,9,2003,March,20,0,10,70
9,4,10,2003,March,15,0,30,55
10,1,1,2003,March,10,0,50,40
10,1,2,2003,March,15,0,50,35
10,1,3,2003,March,10,0,60,30
10,1,4,2003,March,40,0,30,30
10,1,5,2003,March,25,0,45,30
10,1,6,2003,March,10,0,50,40
10,1,7,2003,March,15,0,60,25
10,1,8,2003,March,45,0,40,15
10,1,9,2003,March,25,0,40,35
10,1,10,2003,March,10,0,60,30
10,2,1,2003,March,25,0,30,45
10,2,2,2003,March,30,0,30,40
10,2,3,2003,March,5,10,40,45
10,2,4,2003,March,10,0,20,70
10,2,5,2003,March,10,0,60,30
10,2,6,2003,March,10,0,50,40
10,2,7,2003,March,15,0,50,35
10,2,8,2003,March,10,0,40,50
10,2,9,2003,March,10,0,50,40
10,2,10,2003,March,10,0,30,60
10,3,1,2003,March,30,0,40,30
10,3,2,2003,March,20,0,35,45
10,3,3,2003,March,30,0,50,20
10,3,4,2003,March,15,0,55,30
10,3,5,2003,March,10,0,30,60
10,3,6,2003,March,20,0,40,40
10,3,7,2003,March,20,0,20,60
10,3,8,2003,March,10,0,40,50
10,3,9,2003,March,10,0,40,50
10,3,10,2003,March,10,0,40,50
10,4,1,2003,March,20,0,50,30
10,4,2,2003,March,25,0,30,45
10,4,3,2003,March,20,0,30,50
10,4,4,2003,March,10,10,50,30
10,4,5,2003,March,5,5,60,30
10,4,6,2003,March,20,0,50,30
10,4,7,2003,March,20,0,55,25
10,4,8,2003,March,25,20,20,35
10,4,9,2003,March,30,0,30,40
10,4,10,2003,March,10,0,20,70
11,1,1,2003,March,75,0,0,25
11,1,2,2003,March,80,0,0,20
11,1,3,2003,March,40,0,50,10
11,1,4,2003,March,30,0,60,10
11,1,5,2003,March,60,0,25,15
11,1,6,2003,March,85,0,5,10
11,1,7,2003,March,70,0,15,15
11,1,8,2003,March,65,0,15,20
11,1,9,2003,March,80,0,0,20
11,1,10,2003,March,75,0,5,20
11,2,1,2003,March,45,0,50,5
11,2,2,2003,March,70,20,0,10
11,2,3,2003,March,70,0,10,20
11,2,4,2003,March,85,0,5,10
11,2,5,2003,March,60,0,25,15
11,2,6,2003,March,65,0,25,10
11,2,7,2003,March,55,0,20,25
11,2,8,2003,March,65,0,20,15
11,2,9,2003,March,75,0,0,25
11,2,10,2003,March,65,0,15,20
11,3,1,2003,March,50,0,0,50
11,3,2,2003,March,20,20,20,40
11,3,3,2003,March,20,0,0,80
11,3,4,2003,March,65,0,25,10
11,3,5,2003,March,20,70,0,10
11,3,6,2003,March,10,0,60,30
11,3,7,2003,March,60,0,0,40
11,3,8,2003,March,30,0,30,40
11,3,9,2003,March,40,0,0,60
11,3,10,2003,March,20,30,0,50
11,4,1,2003,March,40,0,0,60
11,4,2,2003,March,60,0,0,40
11,4,3,2003,March,60,0,0,40
11,4,4,2003,March,80,0,0,20
11,4,5,2003,March,55,0,0,45
11,4,6,2003,March,50,0,0,50
11,4,7,2003,March,60,0,0,40
11,4,8,2003,March,55,0,0,45
11,4,9,2003,March,60,0,0,40
11,4,10,2003,March,20,0,0,80
12,1,1,2003,March,25,0,40,35
12,1,2,2003,March,25,0,60,15
12,1,3,2003,March,10,0,60,30
12,1,4,2003,March,15,0,75,10
12,1,5,2003,March,10,0,75,15
12,1,6,2003,March,20,0,50,30
12,1,7,2003,March,10,0,60,30
12,1,8,2003,March,30,0,50,20
12,1,9,2003,March,30,0,50,20
12,1,10,2003,March,10,0,75,15
12,2,1,2003,March,20,0,50,30
12,2,2,2003,March,15,0,50,35
12,2,3,2003,March,10,0,30,60
12,2,4,2003,March,10,0,30,60
12,2,5,2003,March,20,0,40,40
12,2,6,2003,March,25,0,50,25
12,2,7,2003,March,10,0,40,50
12,2,8,2003,March,10,0,60,30
12,2,9,2003,March,10,0,60,30
12,2,10,2003,March,20,0,50,30
12,3,1,2003,March,30,0,30,40
12,3,2,2003,March,20,0,50,30
12,3,3,2003,March,10,0,30,60
12,3,4,2003,March,20,0,40,40
12,3,5,2003,March,20,0,40,40
12,3,6,2003,March,10,0,60,30
12,3,7,2003,March,20,0,50,30
12,3,8,2003,March,10,0,50,40
12,3,9,2003,March,5,5,60,30
12,3,10,2003,March,20,0,40,40
12,4,1,2003,March,20,40,20,20
12,4,2,2003,March,15,40,30,15
12,4,3,2003,March,25,0,50,25
12,4,4,2003,March,10,0,60,30
12,4,5,2003,March,10,0,60,30
12,4,6,2003,March,5,0,75,20
12,4,7,2003,March,5,0,75,20
12,4,8,2003,March,5,0,75,20
12,4,9,2003,March,5,0,75,20
12,4,10,2003,March,20,20,30,30
13,1,1,2003,March,10,0,15,75
13,1,2,2003,March,10,0,20,70
13,1,3,2003,March,15,0,15,70
13,1,4,2003,March,20,0,15,65
13,1,5,2003,March,10,0,10,80
13,1,6,2003,March,20,0,20,60
13,1,7,2003,March,60,0,0,40
13,1,8,2003,March,60,0,0,40
13,1,9,2003,March,20,10,10,60
13,1,10,2003,March,40,0,20,40
13,2,1,2003,March,70,0,10,20
13,2,2,2003,March,45,0,15,40
13,2,3,2003,March,30,0,40,30
13,2,4,2003,March,20,0,50,30
13,2,5,2003,March,20,0,40,40
13,2,6,2003,March,25,5,40,30
13,2,7,2003,March,25,0,30,45
13,2,8,2003,March,30,0,50,20
13,2,9,2003,March,40,0,30,30
13,2,10,2003,March,10,0,40,50
13,3,1,2003,March,30,0,30,40
13,3,2,2003,March,35,0,25,40
13,3,3,2003,March,25,0,15,60
13,3,4,2003,March,50,0,0,50
13,3,5,2003,March,25,0,20,55
13,3,6,2003,March,20,10,40,30
13,3,7,2003,March,40,0,30,30
13,3,8,2003,March,10,10,50,30
13,3,9,2003,March,10,0,50,40
13,3,10,2003,March,35,0,15,50
13,4,1,2003,March,45,0,40,15
13,4,2,2003,March,10,0,25,65
13,4,3,2003,March,50,0,20,30
13,4,4,2003,March,35,0,20,45
13,4,5,2003,March,40,0,30,30
13,4,6,2003,March,20,0,40,40
13,4,7,2003,March,30,0,30,40
13,4,8,2003,March,30,0,40,30
13,4,9,2003,March,15,0,60,25
13,4,10,2003,March,35,0,50,15
14,1,1,2003,March,25,0,0,75
14,1,2,2003,March,40,0,0,60
14,1,3,2003,March,10,0,0,90
14,1,4,2003,March,10,0,10,80
14,1,5,2003,March,20,0,0,80
14,1,6,2003,March,10,0,0,90
14,1,7,2003,March,20,0,0,80
14,1,8,2003,March,25,0,0,75
14,1,9,2003,March,5,0,0,95
14,1,10,2003,March,20,0,0,80
14,2,1,2003,March,60,0,0,40
14,2,2,2003,March,70,0,0,30
14,2,3,2003,March,50,0,0,50
14,2,4,2003,March,55,0,0,45
14,2,5,2003,March,80,0,0,20
14,2,6,2003,March,70,0,0,30
14,2,7,2003,March,75,0,0,25
14,2,8,2003,March,50,0,0,50
14,2,9,2003,March,50,0,0,50
14,2,10,2003,March,55,0,15,30
14,3,1,2003,March,55,0,20,25
14,3,2,2003,March,45,0,30,25
14,3,3,2003,March,40,0,20,40
14,3,4,2003,March,55,0,0,45
14,3,5,2003,March,60,10,0,30
14,3,6,2003,March,20,0,0,80
14,3,7,2003,March,40,0,30,30
14,3,8,2003,March,50,0,0,50
14,3,9,2003,March,55,0,30,15
14,3,10,2003,March,65,0,20,15
14,4,1,2003,March,50,0,30,20
14,4,2,2003,March,60,0,0,40
14,4,3,2003,March,60,0,20,20
14,4,4,2003,March,50,0,10,40
14,4,5,2003,March,60,0,20,20
14,4,6,2003,March,40,0,30,30
14,4,7,2003,March,80,0,0,20
14,4,8,2003,March,60,0,20,20
14,4,9,2003,March,30,0,50,20
14,4,10,2003,March,50,0,0,50
15,1,1,2003,March,40,0,0,60
15,1,2,2003,March,60,0,0,40
15,1,3,2003,March,60,0,0,40
15,1,4,2003,March,40,0,0,60
15,1,5,2003,March,40,20,0,40
15,1,6,2003,March,30,30,0,40
15,1,7,2003,March,35,5,0,60
15,1,8,2003,March,60,0,0,40
15,1,9,2003,March,40,0,0,60
15,1,10,2003,March,35,0,0,65
15,2,1,2003,March,40,0,0,60
15,2,2,2003,March,50,0,0,50
15,2,3,2003,March,30,30,0,40
15,2,4,2003,March,10,75,0,15
15,2,5,2003,March,40,20,0,40
15,2,6,2003,March,40,25,0,35
15,2,7,2003,March,40,30,0,30
15,2,8,2003,March,20,40,0,40
15,2,9,2003,March,10,20,0,70
15,2,10,2003,March,70,0,0,30
15,3,1,2003,March,70,0,0,30
15,3,2,2003,March,50,15,0,35
15,3,3,2003,March,40,0,0,60
15,3,4,2003,March,55,0,0,45
15,3,5,2003,March,70,0,0,30
15,3,6,2003,March,45,15,0,40
15,3,7,2003,March,50,25,0,25
15,3,8,2003,March,55,15,0,30
15,3,9,2003,March,50,0,0,50
15,3,10,2003,March,60,0,0,40
15,4,1,2003,March,80,0,0,20
15,4,2,2003,March,60,0,0,40
15,4,3,2003,March,80,0,0,20
15,4,4,2003,March,75,5,0,20
15,4,5,2003,March,80,0,0,20
15,4,6,2003,March,70,0,0,30
15,4,7,2003,March,80,0,0,20
15,4,8,2003,March,70,0,0,30
15,4,9,2003,March,80,0,0,20
15,4,10,2003,March,80,0,0,20
16,1,1,2003,March,70,0,15,15
16,1,2,2003,March,65,5,15,15
16,1,3,2003,March,50,0,20,30
16,1,4,2003,March,55,0,30,15
16,1,5,2003,March,45,0,40,15
16,1,6,2003,March,70,0,15,15
16,1,7,2003,March,20,0,50,30
16,1,8,2003,March,20,0,60,20
16,1,9,2003,March,70,0,15,15
16,1,10,2003,March,65,0,20,15
16,2,1,2003,March,65,0,15,20
16,2,2,2003,March,80,0,0,20
16,2,3,2003,March,80,0,0,20
16,2,4,2003,March,80,0,0,20
16,2,5,2003,March,75,5,10,10
16,2,6,2003,March,65,0,20,15
16,2,7,2003,March,65,0,0,35
16,2,8,2003,March,70,0,0,30
16,2,9,2003,March,70,0,0,30
16,2,10,2003,March,70,10,10,10
16,3,1,2003,March,30,0,40,30
16,3,2,2003,March,40,0,30,30
16,3,3,2003,March,40,0,20,40
16,3,4,2003,March,15,0,80,5
16,3,5,2003,March,15,0,50,35
16,3,6,2003,March,15,0,70,15
16,3,7,2003,March,40,0,50,10
16,3,8,2003,March,20,0,50,30
16,3,9,2003,March,40,0,40,20
16,3,10,2003,March,50,0,40,10
16,4,1,2003,March,40,0,20,40
16,4,2,2003,March,50,0,20,30
16,4,3,2003,March,20,0,20,60
16,4,4,2003,March,70,15,5,10
16,4,5,2003,March,50,5,20,25
16,4,6,2003,March,60,0,0,40
16,4,7,2003,March,60,0,20,20
16,4,8,2003,March,40,0,20,40
16,4,9,2003,March,50,0,10,40
16,4,10,2003,March,20,0,50,30
17,1,1,2003,March,40,10,50,0
17,1,2,2003,March,25,10,50,15
17,1,3,2003,March,40,0,60,0
17,1,4,2003,March,40,0,60,0
17,1,5,2003,March,30,20,50,0
17,1,6,2003,March,40,20,40,0
17,1,7,2003,March,50,0,50,0
17,1,8,2003,March,40,10,50,0
17,1,9,2003,March,20,0,60,20
17,1,10,2003,March,20,20,60,0
17,2,1,2003,March,40,10,40,10
17,2,2,2003,March,30,20,50,0
17,2,3,2003,March,40,10,50,0
17,2,4,2003,March,20,0,50,30
17,2,5,2003,March,20,30,30,20
17,2,6,2003,March,80,0,20,0
17,2,7,2003,March,60,0,40,0
17,2,8,2003,March,30,0,50,20
17,2,9,2003,March,50,0,30,20
17,2,10,2003,March,30,10,50,10
17,3,1,2003,March,80,20,0,0
17,3,2,2003,March,40,10,50,0
17,3,3,2003,March,35,15,50,0
17,3,4,2003,March,40,40,20,0
17,3,5,2003,March,35,10,40,15
17,3,6,2003,March,40,10,50,0
17,3,7,2003,March,35,5,30,30
17,3,8,2003,March,40,10,40,10
17,3,9,2003,March,50,20,30,0
17,3,10,2003,March,50,10,40,0
17,4,1,2003,March,35,0,50,15
17,4,2,2003,March,50,0,50,0
17,4,3,2003,March,60,0,40,0
17,4,4,2003,March,40,20,40,0
17,4,5,2003,March,45,0,50,5
17,4,6,2003,March,35,5,50,10
17,4,7,2003,March,50,0,50,0
17,4,8,2003,March,35,0,50,15
17,4,9,2003,March,20,10,50,20
17,4,10,2003,March,40,10,40,10
1,1,1,2022,October,85,10,0,5
1,1,2,2022,October,94,1,0,5
1,1,3,2022,October,90,5,0,5
1,1,4,2022,October,55,15,0,30
1,1,5,2022,October,55,10,0,35
1,1,6,2022,October,60,20,0,20
1,1,7,2022,October,20,15,0,65
1,1,8,2022,October,50,10,0,40
1,1,9,2022,October,35,30,0,35
1,1,10,2022,October,75,5,0,20
1,2,1,2022,October,25,20,0,55
1,2,2,2022,October,45,10,0,45
1,2,3,2022,October,45,30,0,25
1,2,4,2022,October,20,5,0,75
1,2,5,2022,October,45,10,0,45
1,2,6,2022,October,20,25,0,55
1,2,7,2022,October,25,15,0,60
1,2,8,2022,October,15,5,0,80
1,2,9,2022,October,20,10,0,70
1,2,10,2022,October,15,15,0,70
1,3,1,2022,October,75,10,0,15
1,3,2,2022,October,55,20,0,25
1,3,3,2022,October,5,5,0,90
1,3,4,2022,October,55,10,0,35
1,3,5,2022,October,65,5,0,30
1,3,6,2022,October,75,10,0,15
1,3,7,2022,October,85,5,0,10
1,3,8,2022,October,50,5,0,45
1,3,9,2022,October,75,10,0,15
1,3,10,2022,October,30,10,0,60
1,4,1,2022,October,45,10,0,45
1,4,2,2022,October,35,10,0,55
1,4,3,2022,October,10,10,0,80
1,4,4,2022,October,80,5,0,15
1,4,5,2022,October,60,10,0,30
1,4,6,2022,October,40,25,0,35
1,4,7,2022,October,60,15,0,25
1,4,8,2022,October,50,5,0,45
1,4,9,2022,October,35,10,0,55
1,4,10,2022,October,60,5,0,35
2,1,1,2022,October,60,20,0,20
2,1,2,2022,October,20,21,0,59
2,1,3,2022,October,39,20,0,41
2,1,4,2022,October,35,38,0,27
2,1,5,2022,October,35,39,0,26
2,1,6,2022,October,30,50,0,20
2,1,7,2022,October,30,40,0,30
2,1,8,2022,October,44,25,0,31
2,1,9,2022,October,22,42,0,36
2,1,10,2022,October,60,15,0,25
2,2,1,2022,October,10,19,30,41
2,2,2,2022,October,25,40,0,35
2,2,3,2022,October,25,55,0,20
2,2,4,2022,October,35,25,0,40
2,2,5,2022,October,54,30,0,16
2,2,6,2022,October,20,35,10,35
2,2,7,2022,October,45,55,0,0
2,2,8,2022,October,30,19,10,41
2,2,9,2022,October,60,5,0,35
2,2,10,2022,October,55,15,0,30
2,3,1,2022,October,54,10,0,36
2,3,2,2022,October,70,10,0,20
2,3,3,2022,October,69,10,0,21
2,3,4,2022,October,55,20,0,25
2,3,5,2022,October,49,20,0,31
2,3,6,2022,October,65,5,0,30
2,3,7,2022,October,59,15,0,26
2,3,8,2022,October,74,5,0,21
2,3,9,2022,October,22,22,0,56
2,3,10,2022,October,35,10,0,55
2,4,1,2022,October,75,10,0,15
2,4,2,2022,October,54,10,0,36
2,4,3,2022,October,50,10,0,40
2,4,4,2022,October,44,25,0,41
2,4,5,2022,October,55,25,0,20
2,4,6,2022,October,15,35,0,50
2,4,7,2022,October,45,20,0,35
2,4,8,2022,October,44,20,0,46
2,4,9,2022,October,20,25,0,55
2,4,10,2022,October,24,30,0,46
3,1,1,2022,October,25,20,35,20
3,1,2,2022,October,89,5,5,1
3,1,3,2022,October,80,15,5,0
3,1,4,2022,October,65,15,20,0
3,1,5,2022,October,55,5,5,35
3,1,6,2022,October,75,5,10,10
3,1,7,2022,October,15,10,20,55
3,1,8,2022,October,73,15,10,2
3,1,9,2022,October,55,10,5,30
3,1,10,2022,October,65,15,15,5
3,2,1,2022,October,43,2,20,35
3,2,2,2022,October,55,5,10,30
3,2,3,2022,October,45,5,5,45
3,2,4,2022,October,75,2,1,22
3,2,5,2022,October,60,5,2,33
3,2,6,2022,October,63,5,5,27
3,2,7,2022,October,53,2,10,35
3,2,8,2022,October,40,5,10,45
3,2,9,2022,October,43,5,10,42
3,2,10,2022,October,45,5,10,40
3,3,1,2022,October,30,10,25,35
3,3,2,2022,October,55,10,0,35
3,3,3,2022,October,48,2,5,45
3,3,4,2022,October,87,5,5,3
3,3,5,2022,October,75,3,1,21
3,3,6,2022,October,82,5,3,10
3,3,7,2022,October,70,20,5,5
3,3,8,2022,October,50,10,5,35
3,3,9,2022,October,70,10,5,15
3,3,10,2022,October,63,10,2,25
3,4,1,2022,October,73,10,10,7
3,4,2,2022,October,30,35,5,30
3,4,3,2022,October,44,20,1,35
3,4,4,2022,October,55,15,5,25
3,4,5,2022,October,35,20,5,40
3,4,6,2022,October,30,30,0,40
3,4,7,2022,October,60,10,5,25
3,4,8,2022,October,20,63,1,16
3,4,9,2022,October,35,20,0,45
3,4,10,2022,October,40,15,10,35
4,1,1,2022,October,10,73,10,7
4,1,2,2022,October,15,30,5,50
4,1,3,2022,October,30,30,10,30
4,1,4,2022,October,10,38,0,52
4,1,5,2022,October,5,10,45,40
4,1,6,2022,October,20,51,1,28
4,1,7,2022,October,10,33,20,37
4,1,8,2022,October,30,53,0,17
4,1,9,2022,October,20,15,10,55
4,1,10,2022,October,20,35,10,35
4,2,1,2022,October,19,10,10,61
4,2,2,2022,October,39,10,15,36
4,2,3,2022,October,25,30,5,40
4,2,4,2022,October,48,10,15,27
4,2,5,2022,October,20,30,0,50
4,2,6,2022,October,10,45,0,45
4,2,7,2022,October,35,15,2,48
4,2,8,2022,October,40,15,0,45
4,2,9,2022,October,54,20,1,25
4,2,10,2022,October,55,5,10,30
4,3,1,2022,October,42,5,5,48
4,3,2,2022,October,20,10,5,65
4,3,3,2022,October,20,5,5,70
4,3,4,2022,October,10,15,10,65
4,3,5,2022,October,47,5,0,48
4,3,6,2022,October,40,15,0,45
4,3,7,2022,October,33,30,0,37
4,3,8,2022,October,49,10,1,40
4,3,9,2022,October,29,10,1,60
4,3,10,2022,October,30,10,1,59
4,4,1,2022,October,40,10,20,30
4,4,2,2022,October,5,65,5,25
4,4,3,2022,October,5,10,60,25
4,4,4,2022,October,15,5,20,60
4,4,5,2022,October,50,5,20,25
4,4,6,2022,October,15,10,57,18
4,4,7,2022,October,10,10,45,35
4,4,8,2022,October,5,5,40,50
4,4,9,2022,October,20,10,50,20
4,4,10,2022,October,15,35,10,40
5,1,1,2022,October,15,55,15,15
5,1,2,2022,October,15,20,0,65
5,1,3,2022,October,5,10,65,20
5,1,4,2022,October,58,15,2,25
5,1,5,2022,October,5,10,70,15
5,1,6,2022,October,5,49,20,26
5,1,7,2022,October,5,15,20,60
5,1,8,2022,October,25,15,10,50
5,1,9,2022,October,15,10,20,55
5,1,10,2022,October,10,20,15,55
5,2,1,2022,October,5,10,65,20
5,2,2,2022,October,5,5,10,80
5,2,3,2022,October,15,10,40,35
5,2,4,2022,October,5,20,20,55
5,2,5,2022,October,5,10,20,65
5,2,6,2022,October,15,5,10,70
5,2,7,2022,October,5,10,20,65
5,2,8,2022,October,5,15,20,60
5,2,9,2022,October,10,5,55,30
5,2,10,2022,October,5,5,45,45
5,3,1,2022,October,20,15,30,35
5,3,2,2022,October,10,45,30,15
5,3,3,2022,October,10,5,45,40
5,3,4,2022,October,15,5,40,40
5,3,5,2022,October,0,5,55,40
5,3,6,2022,October,0,5,85,10
5,3,7,2022,October,0,0,55,45
5,3,8,2022,October,15,20,30,35
5,3,9,2022,October,5,20,50,25
5,3,10,2022,October,10,10,25,55
5,4,1,2022,October,10,10,40,40
5,4,2,2022,October,10,25,20,45
5,4,3,2022,October,5,25,55,15
5,4,4,2022,October,10,25,25,40
5,4,5,2022,October,5,60,20,15
5,4,6,2022,October,15,20,45,20
5,4,7,2022,October,10,10,30,50
5,4,8,2022,October,10,20,25,45
5,4,9,2022,October,15,25,10,50
5,4,10,2022,October,10,15,25,50
6,1,1,2022,October,74,5,10,11
6,1,2,2022,October,50,30,0,20
6,1,3,2022,October,45,15,0,40
6,1,4,2022,October,30,20,0,50
6,1,5,2022,October,25,35,0,40
6,1,6,2022,October,55,20,0,25
6,1,7,2022,October,54,20,5,21
6,1,8,2022,October,55,20,10,15
6,1,9,2022,October,75,15,0,10
6,1,10,2022,October,55,25,0,20
6,2,1,2022,October,20,10,20,50
6,2,2,2022,October,20,10,35,35
6,2,3,2022,October,20,10,15,55
6,2,4,2022,October,40,10,10,40
6,2,5,2022,October,10,15,35,40
6,2,6,2022,October,35,5,5,55
6,2,7,2022,October,30,5,5,60
6,2,8,2022,October,35,5,10,50
6,2,9,2022,October,15,15,10,60
6,2,10,2022,October,15,10,35,40
6,3,1,2022,October,20,10,35,35
6,3,2,2022,October,25,15,30,30
6,3,3,2022,October,44,10,10,36
6,3,4,2022,October,50,15,0,35
6,3,5,2022,October,30,15,20,35
6,3,6,2022,October,40,5,1,54
6,3,7,2022,October,35,10,5,50
6,3,8,2022,October,30,5,20,45
6,3,9,2022,October,15,5,35,45
6,3,10,2022,October,5,5,30,60
6,4,1,2022,October,15,5,50,30
6,4,2,2022,October,20,5,29,46
6,4,3,2022,October,39,5,10,46
6,4,4,2022,October,39,10,20,31
6,4,5,2022,October,15,15,20,50
6,4,6,2022,October,40,5,10,45
6,4,7,2022,October,34,5,25,36
6,4,8,2022,October,50,10,5,35
6,4,9,2022,October,20,15,45,20
6,4,10,2022,October,39,10,20,31
7,1,1,2022,October,20,5,20,55
7,1,2,2022,October,40,5,5,50
7,1,3,2022,October,35,5,10,50
7,1,4,2022,October,25,10,5,60
7,1,5,2022,October,30,5,5,60
7,1,6,2022,October,30,5,5,60
7,1,7,2022,October,10,10,15,65
7,1,8,2022,October,30,5,10,55
7,1,9,2022,October,50,5,10,35
7,1,10,2022,October,25,10,10,55
7,2,1,2022,October,20,10,10,60
7,2,2,2022,October,25,15,10,50
7,2,3,2022,October,25,10,10,55
7,2,4,2022,October,40,10,10,40
7,2,5,2022,October,25,10,5,60
7,2,6,2022,October,30,5,20,45
7,2,7,2022,October,30,10,10,50
7,2,8,2022,October,2,10,3,85
7,2,9,2022,October,44,15,20,31
7,2,10,2022,October,35,5,10,50
7,3,1,2022,October,10,10,20,60
7,3,2,2022,October,25,5,15,55
7,3,3,2022,October,45,10,15,30
7,3,4,2022,October,25,5,10,60
7,3,5,2022,October,30,10,5,55
7,3,6,2022,October,20,15,5,60
7,3,7,2022,October,30,15,5,50
7,3,8,2022,October,40,10,10,40
7,3,9,2022,October,35,10,10,45
7,3,10,2022,October,40,10,15,35
7,4,1,2022,October,35,5,15,45
7,4,2,2022,October,65,5,5,25
7,4,3,2022,October,25,15,5,55
7,4,4,2022,October,20,10,5,65
7,4,5,2022,October,40,10,5,45
7,4,6,2022,October,53,10,2,35
7,4,7,2022,October,55,10,5,30
7,4,8,2022,October,20,20,5,55
7,4,9,2022,October,45,15,5,35
7,4,10,2022,October,44,20,1,45
8,1,1,2022,October,50,5,10,35
8,1,2,2022,October,43,5,2,50
8,1,3,2022,October,20,10,0,70
8,1,4,2022,October,10,10,0,80
8,1,5,2022,October,5,5,0,90
8,1,6,2022,October,5,5,0,90
8,1,7,2022,October,5,5,0,90
8,1,8,2022,October,10,5,0,85
8,1,9,2022,October,50,5,5,40
8,1,10,2022,October,45,5,15,35
8,2,1,2022,October,40,5,10,45
8,2,2,2022,October,45,10,5,40
8,2,3,2022,October,70,5,5,20
8,2,4,2022,October,45,5,5,45
8,2,5,2022,October,30,5,5,60
8,2,6,2022,October,35,5,5,55
8,2,7,2022,October,45,5,5,45
8,2,8,2022,October,30,5,5,60
8,2,9,2022,October,20,15,5,60
8,2,10,2022,October,55,5,5,35
8,3,1,2022,October,25,5,25,45
8,3,2,2022,October,65,5,20,30
8,3,3,2022,October,15,5,25,55
8,3,4,2022,October,15,10,10,65
8,3,5,2022,October,15,15,10,60
8,3,6,2022,October,20,10,10,60
8,3,7,2022,October,15,10,10,65
8,3,8,2022,October,15,5,30,50
8,3,9,2022,October,15,15,20,50
8,3,10,2022,October,15,10,15,60
8,4,1,2022,October,30,5,15,50
8,4,2,2022,October,20,15,10,55
8,4,3,2022,October,10,30,43,17
8,4,4,2022,October,10,15,20,55
8,4,5,2022,October,20,5,25,50
8,4,6,2022,October,20,10,20,50
8,4,7,2022,October,15,5,40,40
8,4,8,2022,October,15,10,30,45
8,4,9,2022,October,35,5,10,50
8,4,10,2022,October,5,5,68,22
9,1,1,2022,October,10,5,5,80
9,1,2,2022,October,10,10,10,70
9,1,3,2022,October,5,10,10,75
9,1,4,2022,October,5,10,5,80
9,1,5,2022,October,10,10,5,75
9,1,6,2022,October,15,5,5,75
9,1,7,2022,October,10,10,10,70
9,1,8,2022,October,10,10,5,75
9,1,9,2022,October,10,10,20,60
9,1,10,2022,October,10,5,10,75
9,2,1,2022,October,10,5,35,50
9,2,2,2022,October,10,5,25,60
9,2,3,2022,October,15,10,15,60
9,2,4,2022,October,20,10,20,50
9,2,5,2022,October,15,10,15,60
9,2,6,2022,October,10,10,25,55
9,2,7,2022,October,25,10,15,50
9,2,8,2022,October,20,15,10,55
9,2,9,2022,October,15,10,15,60
9,2,10,2022,October,15,10,20,55
9,3,1,2022,October,10,15,25,50
9,3,2,2022,October,15,10,5,70
9,3,3,2022,October,10,15,2,73
9,3,4,2022,October,15,5,10,70
9,3,5,2022,October,15,5,15,65
9,3,6,2022,October,15,10,15,60
9,3,7,2022,October,15,5,10,70
9,3,8,2022,October,30,10,15,45
9,3,9,2022,October,20,10,10,60
9,3,10,2022,October,20,15,5,60
9,4,1,2022,October,10,10,25,55
9,4,2,2022,October,15,10,20,55
9,4,3,2022,October,15,10,25,50
9,4,4,2022,October,20,10,20,50
9,4,5,2022,October,20,15,15,50
9,4,6,2022,October,20,15,20,45
9,4,7,2022,October,10,15,15,60
9,4,8,2022,October,20,10,20,50
9,4,9,2022,October,20,15,15,50
9,4,10,2022,October,20,10,10,60
10,1,1,2022,October,10,5,35,50
10,1,2,2022,October,5,10,55,30
10,1,3,2022,October,5,5,45,45
10,1,4,2022,October,10,5,45,40
10,1,5,2022,October,5,10,25,60
10,1,6,2022,October,10,5,30,55
10,1,7,2022,October,20,10,25,45
10,1,8,2022,October,5,5,55,35
10,1,9,2022,October,5,10,30,55
10,1,10,2022,October,5,10,30,55
10,2,1,2022,October,5,15,61,19
10,2,2,2022,October,15,5,45,35
10,2,3,2022,October,5,10,50,35
10,2,4,2022,October,5,5,15,75
10,2,5,2022,October,20,10,35,35
10,2,6,2022,October,10,5,45,40
10,2,7,2022,October,10,5,45,40
10,2,8,2022,October,5,15,25,55
10,2,9,2022,October,5,5,33,57
10,2,10,2022,October,5,10,45,40
10,3,1,2022,October,15,5,35,45
10,3,2,2022,October,2,3,65,30
10,3,3,2022,October,5,10,35,50
10,3,4,2022,October,5,10,35,50
10,3,5,2022,October,10,10,35,45
10,3,6,2022,October,5,5,45,45
10,3,7,2022,October,15,5,40,40
10,3,8,2022,October,5,10,50,35
10,3,9,2022,October,5,10,55,30
10,3,10,2022,October,5,15,35,45
10,4,1,2022,October,5,5,60,30
10,4,2,2022,October,25,5,35,35
10,4,3,2022,October,20,10,15,55
10,4,4,2022,October,5,5,20,70
10,4,5,2022,October,5,5,20,70
10,4,6,2022,October,15,5,20,60
10,4,7,2022,October,10,15,50,25
10,4,8,2022,October,5,5,45,45
10,4,9,2022,October,10,5,35,50
10,4,10,2022,October,5,25,2,68
11,1,1,2022,October,25,15,0,60
11,1,2,2022,October,20,25,1,43
11,1,3,2022,October,10,25,20,45
11,1,4,2022,October,10,15,10,65
11,1,5,2022,October,15,20,0,65
11,1,6,2022,October,25,20,15,40
11,1,7,2022,October,10,20,20,50
11,1,8,2022,October,15,20,10,55
11,1,9,2022,October,20,15,20,45
11,1,10,2022,October,15,25,25,35
11,2,1,2022,October,35,20,15,30
11,2,2,2022,October,30,5,55,10
11,2,3,2022,October,35,15,10,40
11,2,4,2022,October,45,5,10,40
11,2,5,2022,October,30,10,40,20
11,2,6,2022,October,30,10,35,25
11,2,7,2022,October,5,10,50,35
11,2,8,2022,October,10,25,20,45
11,2,9,2022,October,10,15,45,30
11,2,10,2022,October,40,20,5,35
11,3,1,2022,October,20,20,20,40
11,3,2,2022,October,5,20,35,40
11,3,3,2022,October,20,30,5,45
11,3,4,2022,October,5,30,30,35
11,3,5,2022,October,25,10,30,35
11,3,6,2022,October,20,40,5,35
11,3,7,2022,October,35,25,0,40
11,3,8,2022,October,10,15,20,55
11,3,9,2022,October,15,35,5,45
11,3,10,2022,October,5,65,5,25
11,4,1,2022,October,10,20,0,70
11,4,2,2022,October,20,20,0,60
11,4,3,2022,October,20,15,0,65
11,4,4,2022,October,10,20,0,70
11,4,5,2022,October,25,20,0,55
11,4,6,2022,October,5,50,0,45
11,4,7,2022,October,15,35,0,50
11,4,8,2022,October,15,20,0,65
11,4,9,2022,October,25,20,0,55
11,4,10,2022,October,5,25,0,70
12,1,1,2022,October,10,10,25,55
12,1,2,2022,October,15,5,45,35
12,1,3,2022,October,20,5,45,30
12,1,4,2022,October,10,5,55,30
12,1,5,2022,October,15,10,40,35
12,1,6,2022,October,25,5,35,35
12,1,7,2022,October,20,5,40,35
12,1,8,2022,October,15,10,15,60
12,1,9,2022,October,15,5,30,50
12,1,10,2022,October,20,10,50,20
12,2,1,2022,October,10,5,50,35
12,2,2,2022,October,5,5,40,50
12,2,3,2022,October,15,15,25,45
12,2,4,2022,October,5,10,30,55
12,2,5,2022,October,5,15,50,30
12,2,6,2022,October,15,5,55,25
12,2,7,2022,October,10,15,45,30
12,2,8,2022,October,5,5,30,60
12,2,9,2022,October,20,5,40,35
12,2,10,2022,October,5,5,55,35
12,3,1,2022,October,15,10,45,30
12,3,2,2022,October,10,10,25,55
12,3,3,2022,October,10,15,35,40
12,3,4,2022,October,15,10,25,50
12,3,5,2022,October,10,5,30,55
12,3,6,2022,October,10,10,30,50
12,3,7,2022,October,15,5,55,25
12,3,8,2022,October,5,15,30,50
12,3,9,2022,October,5,10,20,65
12,3,10,2022,October,5,10,40,45
12,4,1,2022,October,10,10,35,45
12,4,2,2022,October,15,5,45,35
12,4,3,2022,October,10,5,60,25
12,4,4,2022,October,10,5,60,25
12,4,5,2022,October,10,10,60,20
12,4,6,2022,October,10,10,35,45
12,4,7,2022,October,10,5,50,35
12,4,8,2022,October,15,10,50,25
12,4,9,2022,October,15,10,35,40
12,4,10,2022,October,5,15,40,40
13,1,1,2022,October,10,10,40,40
13,1,2,2022,October,10,5,15,70
13,1,3,2022,October,5,3,27,65
13,1,4,2022,October,5,10,45,40
13,1,5,2022,October,5,1,2,92
13,1,6,2022,October,30,5,5,60
13,1,7,2022,October,43,25,0,32
13,1,8,2022,October,43,5,0,52
13,1,9,2022,October,35,5,10,50
13,1,10,2022,October,10,10,20,60
13,2,1,2022,October,20,5,2,73
13,2,2,2022,October,15,5,35,45
13,2,3,2022,October,3,10,25,62
13,2,4,2022,October,15,20,25,40
13,2,5,2022,October,5,5,20,70
13,2,6,2022,October,5,5,15,75
13,2,7,2022,October,10,5,50,35
13,2,8,2022,October,20,10,28,42
13,2,9,2022,October,5,10,35,50
13,2,10,2022,October,10,10,15,65
13,3,1,2022,October,40,1,19,40
13,3,2,2022,October,10,5,25,60
13,3,3,2022,October,5,5,20,70
13,3,4,2022,October,5,5,63,27
13,3,5,2022,October,5,5,30,60
13,3,6,2022,October,5,5,30,60
13,3,7,2022,October,5,5,15,75
13,3,8,2022,October,3,3,20,74
13,3,9,2022,October,10,10,30,50
13,3,10,2022,October,20,15,15,50
13,4,1,2022,October,5,5,43,47
13,4,2,2022,October,5,10,40,45
13,4,3,2022,October,10,10,30,50
13,4,4,2022,October,5,3,20,72
13,4,5,2022,October,10,10,25,55
13,4,6,2022,October,10,3,52,35
13,4,7,2022,October,5,5,30,60
13,4,8,2022,October,15,5,30,50
13,4,9,2022,October,5,3,30,62
13,4,10,2022,October,5,10,35,50
14,1,1,2022,October,5,5,10,80
14,1,2,2022,October,5,5,0,90
14,1,3,2022,October,2,5,0,93
14,1,4,2022,October,20,5,0,75
14,1,5,2022,October,20,10,0,70
14,1,6,2022,October,2,15,0,83
14,1,7,2022,October,2,10,0,88
14,1,8,2022,October,2,10,0,88
14,1,9,2022,October,2,5,0,93
14,1,10,2022,October,3,10,0,87
14,2,1,2022,October,2,5,20,73
14,2,2,2022,October,10,2,43,45
14,2,3,2022,October,5,5,50,40
14,2,4,2022,October,10,5,40,45
14,2,5,2022,October,20,5,20,55
14,2,6,2022,October,10,5,10,75
14,2,7,2022,October,20,10,10,60
14,2,8,2022,October,20,5,40,35
14,2,9,2022,October,35,10,15,40
14,2,10,2022,October,20,10,0,70
14,3,1,2022,October,3,2,55,40
14,3,2,2022,October,10,5,30,55
14,3,3,2022,October,10,5,20,65
14,3,4,2022,October,15,5,3,77
14,3,5,2022,October,5,10,20,65
14,3,6,2022,October,10,10,30,50
14,3,7,2022,October,10,2,20,68
14,3,8,2022,October,30,5,0,65
14,3,9,2022,October,10,2,45,43
14,3,10,2022,October,15,10,40,35
14,4,1,2022,October,30,5,0,65
14,4,2,2022,October,25,20,0,55
14,4,3,2022,October,25,10,0,65
14,4,4,2022,October,52,15,0,33
14,4,5,2022,October,45,10,0,45
14,4,6,2022,October,30,5,0,65
14,4,7,2022,October,45,10,0,45
14,4,8,2022,October,40,5,0,55
14,4,9,2022,October,45,5,0,50
14,4,10,2022,October,30,10,0,60
15,1,1,2022,October,3,15,0,82
15,1,2,2022,October,5,10,0,85
15,1,3,2022,October,10,10,0,80
15,1,4,2022,October,15,15,0,70
15,1,5,2022,October,50,5,0,45
15,1,6,2022,October,15,20,0,65
15,1,7,2022,October,30,10,0,60
15,1,8,2022,October,10,20,0,70
15,1,9,2022,October,20,10,0,70
15,1,10,2022,October,10,10,0,80
15,2,1,2022,October,5,10,0,85
15,2,2,2022,October,50,10,0,40
15,2,3,2022,October,10,10,0,80
15,2,4,2022,October,20,5,0,75
15,2,5,2022,October,20,20,0,60
15,2,6,2022,October,35,15,0,50
15,2,7,2022,October,20,10,0,70
15,2,8,2022,October,35,10,0,55
15,2,9,2022,October,53,10,0,37
15,2,10,2022,October,20,10,0,70
15,3,1,2022,October,10,15,0,75
15,3,2,2022,October,20,5,0,75
15,3,3,2022,October,30,5,0,65
15,3,4,2022,October,35,10,0,55
15,3,5,2022,October,25,10,0,65
15,3,6,2022,October,40,10,0,50
15,3,7,2022,October,40,15,0,45
15,3,8,2022,October,15,5,0,80
15,3,9,2022,October,25,5,0,70
15,3,10,2022,October,15,10,0,75
15,4,1,2022,October,10,15,5,70
15,4,2,2022,October,30,3,5,62
15,4,3,2022,October,68,5,0,27
15,4,4,2022,October,30,10,0,60
15,4,5,2022,October,40,10,0,50
15,4,6,2022,October,53,10,0,37
15,4,7,2022,October,45,10,0,45
15,4,8,2022,October,20,5,20,55
15,4,9,2022,October,40,5,30,25
15,4,10,2022,October,48,10,0,42
16,1,1,2022,October,35,10,20,35
16,1,2,2022,October,20,15,5,60
16,1,3,2022,October,50,10,5,35
16,1,4,2022,October,20,10,10,60
16,1,5,2022,October,35,10,25,30
16,1,6,2022,October,30,5,10,55
16,1,7,2022,October,52,5,5,38
16,1,8,2022,October,45,5,15,35
16,1,9,2022,October,35,10,5,50
16,1,10,2022,October,15,5,15,65
16,2,1,2022,October,47,15,2,36
16,2,2,2022,October,40,10,0,50
16,2,3,2022,October,63,10,0,27
16,2,4,2022,October,35,15,0,50
16,2,5,2022,October,50,10,0,40
16,2,6,2022,October,50,10,10,30
16,2,7,2022,October,30,5,5,60
16,2,8,2022,October,35,10,0,55
16,2,9,2022,October,55,5,5,35
16,2,10,2022,October,50,15,5,30
16,3,1,2022,October,15,15,25,45
16,3,2,2022,October,3,5,42,50
16,3,3,2022,October,5,5,65,25
16,3,4,2022,October,5,10,25,60
16,3,5,2022,October,5,10,20,65
16,3,6,2022,October,5,10,50,35
16,3,7,2022,October,10,5,30,55
16,3,8,2022,October,10,15,50,25
16,3,9,2022,October,10,30,15,45
16,3,10,2022,October,10,15,10,65
16,4,1,2022,October,5,20,15,60
16,4,2,2022,October,5,10,45,40
16,4,3,2022,October,5,10,35,50
16,4,4,2022,October,40,5,20,35
16,4,5,2022,October,5,20,15,60
16,4,6,2022,October,57,5,30,8
16,4,7,2022,October,35,15,15,35
16,4,8,2022,October,20,15,37,28
16,4,9,2022,October,20,15,30,35
16,4,10,2022,October,15,30,15,40
17,1,1,2022,October,25,5,69,1
17,1,2,2022,October,20,25,50,5
17,1,3,2022,October,25,25,25,25
17,1,4,2022,October,55,25,20,0
17,1,5,2022,October,40,10,30,20
17,1,6,2022,October,55,5,40,0
17,1,7,2022,October,50,10,35,5
17,1,8,2022,October,35,10,35,20
17,1,9,2022,October,15,25,50,10
17,1,10,2022,October,20,15,20,45
17,2,1,2022,October,20,15,30,35
17,2,2,2022,October,20,20,60,0
17,2,3,2022,October,20,10,45,25
17,2,4,2022,October,15,15,50,20
17,2,5,2022,October,20,5,75,0
17,2,6,2022,October,20,10,60,10
17,2,7,2022,October,15,10,55,20
17,2,8,2022,October,30,5,35,30
17,2,9,2022,October,15,15,60,10
17,2,10,2022,October,20,25,50,5
17,3,1,2022,October,20,20,45,15
17,3,2,2022,October,15,55,30,0
17,3,3,2022,October,65,15,20,0
17,3,4,2022,October,55,20,15,10
17,3,5,2022,October,15,20,65,0
17,3,6,2022,October,15,20,60,5
17,3,7,2022,October,15,15,70,0
17,3,8,2022,October,20,15,65,0
17,3,9,2022,October,25,25,40,10
17,3,10,2022,October,15,30,30,25
17,4,1,2022,October,25,15,55,5
17,4,2,2022,October,35,5,50,10
17,4,3,2022,October,25,10,65,0
17,4,4,2022,October,20,10,50,20
17,4,5,2022,October,20,10,40,30
17,4,6,2022,October,30,15,55,0
17,4,7,2022,October,35,15,50,0
17,4,8,2022,October,35,10,50,5
17,4,9,2022,October,10,15,15,60
17,4,10,2022,October,20,15,40,25
1,1,1,2023,March,55,25,0,20
1,1,2,2023,March,35,10,0,55
1,1,3,2023,March,30,20,0,50
1,1,4,2023,March,15,20,0,65
1,1,5,2023,March,80,5,0,15
1,1,6,2023,March,20,10,0,10
1,1,7,2023,March,80,10,0,10
1,1,8,2023,March,70,5,0,25
1,1,9,2023,March,65,15,0,20
1,1,10,2023,March,75,5,0,20
1,2,1,2023,March,30,5,0,65
1,2,2,2023,March,30,20,0,50
1,2,3,2023,March,55,10,0,35
1,2,4,2023,March,25,25,0,50
1,2,5,2023,March,5,10,0,85
1,2,6,2023,March,60,15,0,25
1,2,7,2023,March,55,10,0,35
1,2,8,2023,March,75,5,0,20
1,2,9,2023,March,40,20,0,40
1,2,10,2023,March,70,10,0,20
1,3,1,2023,March,50,15,0,35
1,3,2,2023,March,30,25,0,45
1,3,3,2023,March,55,25,0,20
1,3,4,2023,March,55,25,0,20
1,3,5,2023,March,15,15,0,70
1,3,6,2023,March,70,5,0,25
1,3,7,2023,March,25,15,0,60
1,3,8,2023,March,30,10,0,60
1,3,9,2023,March,50,20,0,30
1,3,10,2023,March,65,15,0,20
1,4,1,2023,March,40,5,0,55
1,4,2,2023,March,60,15,0,25
1,4,3,2023,March,45,25,0,30
1,4,4,2023,March,55,10,0,35
1,4,5,2023,March,60,15,0,25
1,4,6,2023,March,65,5,0,30
1,4,7,2023,March,50,30,0,20
1,4,8,2023,March,75,20,0,5
1,4,9,2023,March,25,20,0,55
1,4,10,2023,March,50,15,0,35
2,1,1,2023,March,20,55,0,25
2,1,2,2023,March,30,40,0,30
2,1,3,2023,March,15,30,0,55
2,1,4,2023,March,55,30,0,15
2,1,5,2023,March,85,10,0,5
2,1,6,2023,March,10,60,0,30
2,1,7,2023,March,30,15,0,55
2,1,8,2023,March,20,35,0,45
2,1,9,2023,March,45,20,0,35
2,1,10,2023,March,15,55,0,30
2,2,1,2023,March,60,25,5,10
2,2,2,2023,March,65,15,0,20
2,2,3,2023,March,20,65,0,15
2,2,4,2023,March,25,10,0,65
2,2,5,2023,March,39,10,0,51
2,2,6,2023,March,40,25,5,30
2,2,7,2023,March,60,15,5,20
2,2,8,2023,March,30,30,35,5
2,2,9,2023,March,25,30,25,20
2,2,10,2023,March,65,15,0,20
2,3,1,2023,March,45,35,0,20
2,3,2,2023,March,25,10,0,65
2,3,3,2023,March,80,5,0,15
2,3,4,2023,March,15,65,0,20
2,3,5,2023,March,50,15,0,35
2,3,6,2023,March,15,63,0,22
2,3,7,2023,March,20,40,0,40
2,3,8,2023,March,58,15,0,27
2,3,9,2023,March,50,15,0,35
2,3,10,2023,March,25,50,0,25
2,4,1,2023,March,5,30,0,65
2,4,2,2023,March,45,20,0,35
2,4,3,2023,March,40,20,0,40
2,4,4,2023,March,35,50,0,15
2,4,5,2023,March,45,35,0,20
2,4,6,2023,March,25,30,0,45
2,4,7,2023,March,55,35,0,10
2,4,8,2023,March,25,10,0,65
2,4,9,2023,March,35,20,0,45
2,4,10,2023,March,50,20,0,30
3,1,1,2023,March,25,15,50,10
3,1,2,2023,March,40,10,40,10
3,1,3,2023,March,50,5,40,5
3,1,4,2023,March,55,10,35,0
3,1,5,2023,March,30,10,10,50
3,1,6,2023,March,68,15,15,2
3,1,7,2023,March,5,15,30,50
3,1,8,2023,March,60,5,25,10
3,1,9,2023,March,50,10,35,5
3,1,10,2023,March,40,20,40,0
3,2,1,2023,March,40,10,25,25
3,2,2,2023,March,40,15,10,35
3,2,3,2023,March,35,15,15,35
3,2,4,2023,March,45,5,10,40
3,2,5,2023,March,40,5,10,45
3,2,6,2023,March,25,10,5,60
3,2,7,2023,March,25,5,25,45
3,2,8,2023,March,50,10,15,25
3,2,9,2023,March,20,15,15,50
3,2,10,2023,March,35,15,10,40
3,3,1,2023,March,40,20,25,15
3,3,2,2023,March,30,15,10,45
3,3,3,2023,March,33,30,2,35
3,3,4,2023,March,30,15,5,50
3,3,5,2023,March,40,15,5,40
3,3,6,2023,March,40,25,5,30
3,3,7,2023,March,45,20,5,30
3,3,8,2023,March,40,15,5,40
3,3,9,2023,March,60,10,5,25
3,3,10,2023,March,40,15,5,40
3,4,1,2023,March,69,5,1,25
3,4,2,2023,March,39,20,1,40
3,4,3,2023,March,44,50,1,5
3,4,4,2023,March,59,20,5,16
3,4,5,2023,March,40,15,5,40
3,4,6,2023,March,24,15,1,60
3,4,7,2023,March,28,30,2,40
3,4,8,2023,March,5,70,0,25
3,4,9,2023,March,20,54,1,25
3,4,10,2023,March,15,49,1,35
4,1,1,2023,March,45,10,20,25
4,1,2,2023,March,30,10,5,55
4,1,3,2023,March,44,20,1,35
4,1,4,2023,March,40,10,0,50
4,1,5,2023,March,5,10,40,45
4,1,6,2023,March,15,10,25,50
4,1,7,2023,March,20,10,10,60
4,1,8,2023,March,20,10,10,60
4,1,9,2023,March,60,20,5,15
4,1,10,2023,March,40,20,10,30
4,2,1,2023,March,30,15,10,45
4,2,2,2023,March,40,15,5,40
4,2,3,2023,March,40,10,5,45
4,2,4,2023,March,35,25,0,40
4,2,5,2023,March,30,15,5,50
4,2,6,2023,March,35,10,0,55
4,2,7,2023,March,25,25,0,50
4,2,8,2023,March,30,20,5,45
4,2,9,2023,March,45,15,5,35
4,2,10,2023,March,15,35,0,50
4,3,1,2023,March,40,15,5,40
4,3,2,2023,March,10,15,0,75
4,3,3,2023,March,25,10,5,60
4,3,4,2023,March,35,10,5,50
4,3,5,2023,March,45,10,0,45
4,3,6,2023,March,15,15,0,70
4,3,7,2023,March,39,10,1,50
4,3,8,2023,March,33,10,2,55
4,3,9,2023,March,35,20,5,40
4,3,10,2023,March,65,10,0,25
4,4,1,2023,March,25,15,20,40
4,4,2,2023,March,25,25,10,40
4,4,3,2023,March,15,15,25,45
4,4,4,2023,March,25,20,15,40
4,4,5,2023,March,30,15,25,30
4,4,6,2023,March,15,5,20,60
4,4,7,2023,March,25,5,35,35
4,4,8,2023,March,35,10,15,40
4,4,9,2023,March,10,5,70,15
4,4,10,2023,March,20,10,50,20
5,1,1,2023,March,20,39,20,21
5,1,2,2023,March,20,5,10,65
5,1,3,2023,March,10,15,40,35
5,1,4,2023,March,15,10,10,65
5,1,5,2023,March,10,5,50,35
5,1,6,2023,March,15,10,20,55
5,1,7,2023,March,5,10,40,45
5,1,8,2023,March,20,5,10,65
5,1,9,2023,March,20,20,15,45
5,1,10,2023,March,10,5,10,75
5,2,1,2023,March,10,10,30,50
5,2,2,2023,March,15,15,20,50
5,2,3,2023,March,10,10,30,50
5,2,4,2023,March,15,10,20,55
5,2,5,2023,March,15,5,30,50
5,2,6,2023,March,15,8,2,75
5,2,7,2023,March,15,5,20,60
5,2,8,2023,March,15,5,15,65
5,2,9,2023,March,10,5,10,75
5,2,10,2023,March,15,15,20,50
5,3,1,2023,March,25,30,15,30
5,3,2,2023,March,15,20,30,35
5,3,3,2023,March,20,15,25,40
5,3,4,2023,March,5,35,25,35
5,3,5,2023,March,0,30,70,0
5,3,6,2023,March,10,10,55,25
5,3,7,2023,March,10,55,15,20
5,3,8,2023,March,10,55,10,25
5,3,9,2023,March,10,35,15,40
5,3,10,2023,March,10,15,50,25
5,4,1,2023,March,25,15,30,30
5,4,2,2023,March,15,20,20,45
5,4,3,2023,March,5,35,40,20
5,4,4,2023,March,10,15,25,50
5,4,5,2023,March,5,60,20,15
5,4,6,2023,March,15,25,50,10
5,4,7,2023,March,10,25,35,30
5,4,8,2023,March,5,20,40,35
5,4,9,2023,March,5,25,40,30
5,4,10,2023,March,5,5,20,70
6,1,1,2023,March,75,5,0,20
6,1,2,2023,March,60,20,0,20
6,1,3,2023,March,58,10,5,27
6,1,4,2023,March,53,10,0,37
6,1,5,2023,March,25,15,0,60
6,1,6,2023,March,59,15,1,25
6,1,7,2023,March,79,15,1,5
6,1,8,2023,March,53,5,2,40
6,1,9,2023,March,60,10,0,30
6,1,10,2023,March,74,15,1,10
6,2,1,2023,March,10,15,25,50
6,2,2,2023,March,30,10,20,40
6,2,3,2023,March,10,10,25,55
6,2,4,2023,March,20,20,15,45
6,2,5,2023,March,55,5,15,25
6,2,6,2023,March,25,20,30,25
6,2,7,2023,March,25,5,5,65
6,2,8,2023,March,10,10,25,55
6,2,9,2023,March,20,10,25,45
6,2,10,2023,March,30,5,20,45
6,3,1,2023,March,20,10,40,30
6,3,2,2023,March,20,10,25,45
6,3,3,2023,March,30,10,5,55
6,3,4,2023,March,48,15,2,35
6,3,5,2023,March,30,15,5,50
6,3,6,2023,March,34,10,1,55
6,3,7,2023,March,25,10,5,60
6,3,8,2023,March,15,10,25,50
6,3,9,2023,March,10,15,20,55
6,3,10,2023,March,29,5,30,36
6,4,1,2023,March,39,5,30,26
6,4,2,2023,March,25,5,30,40
6,4,3,2023,March,25,10,15,50
6,4,4,2023,March,45,5,15,35
6,4,5,2023,March,25,15,10,50
6,4,6,2023,March,50,5,15,30
6,4,7,2023,March,25,5,20,50
6,4,8,2023,March,25,10,10,55
6,4,9,2023,March,25,15,30,30
6,4,10,2023,March,30,5,25,40
7,1,1,2023,March,35,5,15,45
7,1,2,2023,March,30,5,10,55
7,1,3,2023,March,60,5,5,30
7,1,4,2023,March,15,10,15,60
7,1,5,2023,March,40,5,15,40
7,1,6,2023,March,35,15,5,45
7,1,7,2023,March,25,10,5,60
7,1,8,2023,March,50,5,5,20
7,1,9,2023,March,40,5,20,35
7,1,10,2023,March,40,5,20,35
7,2,1,2023,March,10,10,10,70
7,2,2,2023,March,40,10,10,40
7,2,3,2023,March,30,10,15,45
7,2,4,2023,March,25,5,5,65
7,2,5,2023,March,45,5,15,35
7,2,6,2023,March,25,10,25,40
7,2,7,2023,March,20,5,35,40
7,2,8,2023,March,20,5,45,30
7,2,9,2023,March,30,10,10,50
7,2,10,2023,March,35,10,5,50
7,3,1,2023,March,30,5,15,50
7,3,2,2023,March,45,5,10,40
7,3,3,2023,March,45,5,5,45
7,3,4,2023,March,55,5,5,35
7,3,5,2023,March,48,10,5,37
7,3,6,2023,March,55,15,5,25
7,3,7,2023,March,30,20,5,45
7,3,8,2023,March,25,10,10,55
7,3,9,2023,March,55,5,5,35
7,3,10,2023,March,64,5,10,21
7,4,1,2023,March,50,5,5,40
7,4,2,2023,March,70,5,5,20
7,4,3,2023,March,54,5,5,36
7,4,4,2023,March,40,5,5,50
7,4,5,2023,March,49,10,1,40
7,4,6,2023,March,10,5,5,80
7,4,7,2023,March,48,5,2,45
7,4,8,2023,March,44,15,1,40
7,4,9,2023,March,38,5,2,55
7,4,10,2023,March,73,10,2,15
8,1,1,2023,March,30,15,5,50
8,1,2,2023,March,29,10,1,60
8,1,3,2023,March,10,10,0,80
8,1,4,2023,March,5,10,0,85
8,1,5,2023,March,5,20,0,75
8,1,6,2023,March,5,15,0,80
8,1,7,2023,March,20,10,0,70
8,1,8,2023,March,35,15,5,45
8,1,9,2023,March,50,10,10,30
8,1,10,2023,March,55,10,10,25
8,2,1,2023,March,40,10,10,40
8,2,2,2023,March,55,10,5,30
8,2,3,2023,March,55,10,5,30
8,2,4,2023,March,10,15,5,70
8,2,5,2023,March,20,15,5,60
8,2,6,2023,March,20,15,10,55
8,2,7,2023,March,35,10,5,50
8,2,8,2023,March,20,10,5,65
8,2,9,2023,March,20,10,40,30
8,2,10,2023,March,35,20,10,35
8,3,1,2023,March,35,15,15,35
8,3,2,2023,March,15,10,20,55
8,3,3,2023,March,5,15,15,65
8,3,4,2023,March,10,10,15,65
8,3,5,2023,March,10,25,5,60
8,3,6,2023,March,20,10,10,60
8,3,7,2023,March,5,10,15,70
8,3,8,2023,March,15,10,10,65
8,3,9,2023,March,10,15,15,60
8,3,10,2023,March,20,15,15,50
8,4,1,2023,March,10,10,20,60
8,4,2,2023,March,25,15,5,55
8,4,3,2023,March,10,15,15,60
8,4,4,2023,March,15,10,15,60
8,4,5,2023,March,30,15,25,30
8,4,6,2023,March,25,10,10,55
8,4,7,2023,March,15,5,15,55
8,4,8,2023,March,30,10,10,50
8,4,9,2023,March,35,15,5,45
8,4,10,2023,March,40,10,5,45
9,1,1,2023,March,10,5,5,80
9,1,2,2023,March,5,5,5,85
9,1,3,2023,March,10,5,5,80
9,1,4,2023,March,10,5,5,80
9,1,5,2023,March,10,10,10,70
9,1,6,2023,March,10,5,3,82
9,1,7,2023,March,5,10,5,80
9,1,8,2023,March,10,5,5,80
9,1,9,2023,March,10,5,10,75
9,1,10,2023,March,10,10,10,70
9,2,1,2023,March,15,5,25,55
9,2,2,2023,March,10,10,5,75
9,2,3,2023,March,15,5,15,65
9,2,4,2023,March,20,5,10,65
9,2,5,2023,March,15,15,10,60
9,2,6,2023,March,10,10,5,75
9,2,7,2023,March,15,15,35,35
9,2,8,2023,March,15,15,20,50
9,2,9,2023,March,15,10,10,65
9,2,10,2023,March,5,15,20,60
9,3,1,2023,March,15,10,25,50
9,3,2,2023,March,20,10,25,45
9,3,3,2023,March,15,5,20,60
9,3,4,2023,March,15,10,25,50
9,3,5,2023,March,20,5,15,60
9,3,6,2023,March,24,15,10,51
9,3,7,2023,March,15,5,1,79
9,3,8,2023,March,15,5,15,65
9,3,9,2023,March,15,10,5,70
9,3,10,2023,March,15,5,10,70
9,4,1,2023,March,5,5,30,60
9,4,2,2023,March,5,10,10,75
9,4,3,2023,March,10,10,20,60
9,4,4,2023,March,10,5,15,70
9,4,5,2023,March,5,10,5,80
9,4,6,2023,March,10,10,10,70
9,4,7,2023,March,5,5,20,70
9,4,8,2023,March,5,5,25,65
9,4,9,2023,March,5,10,10,75
9,4,10,2023,March,5,15,15,65
10,1,1,2023,March,10,20,30,40
10,1,2,2023,March,15,10,20,55
10,1,3,2023,March,10,15,30,45
10,1,4,2023,March,10,10,25,55
10,1,5,2023,March,25,5,48,22
10,1,6,2023,March,5,10,30,55
10,1,7,2023,March,25,15,25,35
10,1,8,2023,March,5,5,20,70
10,1,9,2023,March,10,10,15,65
10,1,10,2023,March,10,5,10,75
10,2,1,2023,March,10,10,35,45
10,2,2,2023,March,10,5,40,45
10,2,3,2023,March,10,10,35,45
10,2,4,2023,March,5,15,50,30
10,2,5,2023,March,10,10,40,40
10,2,6,2023,March,10,10,35,45
10,2,7,2023,March,10,10,40,40
10,2,8,2023,March,5,10,50,35
10,2,9,2023,March,10,15,20,55
10,2,10,2023,March,10,10,30,50
10,3,1,2023,March,10,10,45,35
10,3,2,2023,March,15,10,55,20
10,3,3,2023,March,20,15,0,65
10,3,4,2023,March,10,10,30,50
10,3,5,2023,March,10,5,20,65
10,3,6,2023,March,20,10,25,45
10,3,7,2023,March,10,10,55,25
10,3,8,2023,March,10,5,60,25
10,3,9,2023,March,20,10,10,60
10,3,10,2023,March,45,10,5,40
10,4,1,2023,March,5,10,45,40
10,4,2,2023,March,10,10,40,40
10,4,3,2023,March,10,15,30,45
10,4,4,2023,March,5,10,40,45
10,4,5,2023,March,5,10,45,40
10,4,6,2023,March,30,5,25,40
10,4,7,2023,March,20,10,35,35
10,4,8,2023,March,10,5,30,55
10,4,9,2023,March,10,10,25,55
10,4,10,2023,March,10,5,25,60
11,1,1,2023,March,30,15,20,35
11,1,2,2023,March,15,20,10,55
11,1,3,2023,March,5,20,15,60
11,1,4,2023,March,5,10,50,35
11,1,5,2023,March,15,10,15,60
11,1,6,2023,March,29,10,1,60
11,1,7,2023,March,25,5,10,60
11,1,8,2023,March,5,15,10,70
11,1,9,2023,March,20,15,10,55
11,1,10,2023,March,5,15,45,35
11,2,1,2023,March,20,15,20,45
11,2,2,2023,March,15,10,35,40
11,2,3,2023,March,10,15,30,45
11,2,4,2023,March,35,5,10,50
11,2,5,2023,March,20,10,20,50
11,2,6,2023,March,15,15,50,20
11,2,7,2023,March,0,25,50,25
11,2,8,2023,March,50,5,0,45
11,2,9,2023,March,35,15,0,50
11,2,10,2023,March,20,25,15,40
11,3,1,2023,March,10,20,20,50
11,3,2,2023,March,5,20,35,40
11,3,3,2023,March,35,20,0,45
11,3,4,2023,March,20,25,15,40
11,3,5,2023,March,3,25,0,72
11,3,6,2023,March,24,30,1,45
11,3,7,2023,March,25,25,0,50
11,3,8,2023,March,5,30,15,50
11,3,9,2023,March,20,15,15,50
11,3,10,2023,March,20,15,1,63
11,4,1,2023,March,5,15,0,80
11,4,2,2023,March,15,10,0,75
11,4,3,2023,March,20,15,0,65
11,4,4,2023,March,20,20,0,60
11,4,5,2023,March,5,20,0,75
11,4,6,2023,March,15,30,0,55
11,4,7,2023,March,15,25,0,60
11,4,8,2023,March,5,20,0,75
11,4,9,2023,March,15,15,0,70
11,4,10,2023,March,10,15,10,65
12,1,1,2023,March,5,5,35,55
12,1,2,2023,March,5,5,55,35
12,1,3,2023,March,5,5,60,30
12,1,4,2023,March,5,10,50,35
12,1,5,2023,March,10,5,50,35
12,1,6,2023,March,5,5,50,40
12,1,7,2023,March,10,15,35,40
12,1,8,2023,March,5,5,50,40
12,1,9,2023,March,5,5,50,40
12,1,10,2023,March,5,10,50,35
12,2,1,2023,March,15,5,60,20
12,2,2,2023,March,5,5,55,35
12,2,3,2023,March,5,5,50,40
12,2,4,2023,March,5,20,20,55
12,2,5,2023,March,5,5,55,35
12,2,6,2023,March,5,10,25,60
12,2,7,2023,March,5,20,30,45
12,2,8,2023,March,10,5,60,25
12,2,9,2023,March,10,10,45,35
12,2,10,2023,March,10,5,55,30
12,3,1,2023,March,5,5,50,40
12,3,2,2023,March,5,5,45,45
12,3,3,2023,March,5,49,30,16
12,3,4,2023,March,5,5,60,30
12,3,5,2023,March,10,3,67,20
12,3,6,2023,March,5,5,30,60
12,3,7,2023,March,15,5,45,35
12,3,8,2023,March,10,10,50,30
12,3,9,2023,March,10,10,25,55
12,3,10,2023,March,5,10,35,50
12,4,1,2023,March,10,5,45,40
12,4,2,2023,March,5,5,65,25
12,4,3,2023,March,10,5,55,30
12,4,4,2023,March,5,5,69,21
12,4,5,2023,March,5,5,55,35
12,4,6,2023,March,10,3,37,50
12,4,7,2023,March,15,5,55,25
12,4,8,2023,March,10,5,55,30
12,4,9,2023,March,20,5,50,25
12,4,10,2023,March,5,10,35,50
13,1,1,2023,March,15,25,10,50
13,1,2,2023,March,5,10,15,70
13,1,3,2023,March,15,15,15,55
13,1,4,2023,March,50,5,10,35
13,1,5,2023,March,30,20,10,40
13,1,6,2023,March,40,10,5,45
13,1,7,2023,March,25,10,0,65
13,1,8,2023,March,15,15,0,70
13,1,9,2023,March,20,10,5,65
13,1,10,2023,March,25,15,10,50
13,2,1,2023,March,30,10,15,45
13,2,2,2023,March,10,10,20,60
13,2,3,2023,March,15,10,25,50
13,2,4,2023,March,10,10,15,65
13,2,5,2023,March,10,10,10,70
13,2,6,2023,March,5,5,5,85
13,2,7,2023,March,20,15,30,35
13,2,8,2023,March,10,15,5,70
13,2,9,2023,March,20,15,15,50
13,2,10,2023,March,35,15,15,35
13,3,1,2023,March,15,15,20,50
13,3,2,2023,March,25,15,25,35
13,3,3,2023,March,20,15,20,45
13,3,4,2023,March,15,5,30,50
13,3,5,2023,March,10,5,55,30
13,3,6,2023,March,15,15,30,40
13,3,7,2023,March,35,15,20,30
13,3,8,2023,March,10,10,40,40
13,3,9,2023,March,35,10,20,35
13,3,10,2023,March,15,10,10,65
13,4,1,2023,March,25,15,20,40
13,4,2,2023,March,15,15,35,35
13,4,3,2023,March,10,20,45,25
13,4,4,2023,March,10,15,25,50
13,4,5,2023,March,10,15,40,35
13,4,6,2023,March,5,20,30,45
13,4,7,2023,March,25,15,20,40
13,4,8,2023,March,5,10,25,60
13,4,9,2023,March,10,10,35,45
13,4,10,2023,March,5,10,45,40
14,1,1,2023,March,15,15,0,70
14,1,2,2023,March,5,10,0,85
14,1,3,2023,March,5,5,0,90
14,1,4,2023,March,3,10,0,87
14,1,5,2023,March,5,10,0,85
14,1,6,2023,March,5,15,0,80
14,1,7,2023,March,15,15,0,70
14,1,8,2023,March,2,5,0,93
14,1,9,2023,March,10,15,0,75
14,1,10,2023,March,10,10,0,80
14,2,1,2023,March,20,15,25,40
14,2,2,2023,March,30,10,20,40
14,2,3,2023,March,20,10,25,45
14,2,4,2023,March,30,10,20,40
14,2,5,2023,March,40,5,20,35
14,2,6,2023,March,20,10,20,50
14,2,7,2023,March,50,10,20,20
14,2,8,2023,March,30,10,15,45
14,2,9,2023,March,20,10,10,60
14,2,10,2023,March,30,15,0,55
14,3,1,2023,March,10,5,60,25
14,3,2,2023,March,45,15,5,35
14,3,3,2023,March,15,15,40,30
14,3,4,2023,March,48,20,2,30
14,3,5,2023,March,30,15,0,55
14,3,6,2023,March,25,10,40,25
14,3,7,2023,March,30,15,15,40
14,3,8,2023,March,40,25,0,35
14,3,9,2023,March,45,15,0,40
14,3,10,2023,March,25,15,20,40
14,4,1,2023,March,25,15,5,55
14,4,2,2023,March,35,15,0,50
14,4,3,2023,March,30,20,0,50
14,4,4,2023,March,50,15,0,35
14,4,5,2023,March,35,15,0,50
14,4,6,2023,March,35,10,0,55
14,4,7,2023,March,35,15,0,50
14,4,8,2023,March,40,15,0,45
14,4,9,2023,March,30,15,0,55
14,4,10,2023,March,40,10,0,50
15,1,1,2023,March,30,20,0,50
15,1,2,2023,March,15,15,0,70
15,1,3,2023,March,25,20,0,55
15,1,4,2023,March,20,25,0,55
15,1,5,2023,March,45,20,0,35
15,1,6,2023,March,40,15,5,40
15,1,7,2023,March,35,20,1,44
15,1,8,2023,March,35,15,0,50
15,1,9,2023,March,25,25,0,50
15,1,10,2023,March,20,15,0,65
15,2,1,2023,March,20,10,0,70
15,2,2,2023,March,20,10,0,70
15,2,3,2023,March,10,30,0,60
15,2,4,2023,March,15,20,0,65
15,2,5,2023,March,40,20,0,40
15,2,6,2023,March,20,25,1,54
15,2,7,2023,March,45,20,0,35
15,2,8,2023,March,10,30,0,60
15,2,9,2023,March,35,25,0,40
15,2,10,2023,March,15,25,0,60
15,3,1,2023,March,20,15,0,65
15,3,2,2023,March,30,15,0,55
15,3,3,2023,March,30,20,0,50
15,3,4,2023,March,35,25,0,40
15,3,5,2023,March,50,15,0,35
15,3,6,2023,March,30,25,0,45
15,3,7,2023,March,25,15,0,60
15,3,8,2023,March,15,25,0,60
15,3,9,2023,March,25,20,0,55
15,3,10,2023,March,15,20,1,64
15,4,1,2023,March,35,25,5,35
15,4,2,2023,March,30,25,20,25
15,4,3,2023,March,55,20,0,25
15,4,4,2023,March,50,15,0,35
15,4,5,2023,March,35,20,0,45
15,4,6,2023,March,45,15,0,40
15,4,7,2023,March,45,15,0,40
15,4,8,2023,March,34,15,1,50
15,4,9,2023,March,3,10,15,82
15,4,10,2023,March,50,15,0,35
16,1,1,2023,March,20,15,20,45
16,1,2,2023,March,10,10,2,78
16,1,3,2023,March,30,25,5,40
16,1,4,2023,March,35,15,10,40
16,1,5,2023,March,25,15,20,40
16,1,6,2023,March,40,15,15,30
16,1,7,2023,March,40,10,10,40
16,1,8,2023,March,10,20,15,55
16,1,9,2023,March,20,20,5,55
16,1,10,2023,March,20,10,50,20
16,2,1,2023,March,50,15,10,25
16,2,2,2023,March,35,15,0,50
16,2,3,2023,March,35,20,0,45
16,2,4,2023,March,40,15,0,45
16,2,5,2023,March,35,15,0,50
16,2,6,2023,March,33,15,2,50
16,2,7,2023,March,35,10,0,55
16,2,8,2023,March,35,15,10,40
16,2,9,2023,March,65,10,0,25
16,2,10,2023,March,50,15,10,25
16,3,1,2023,March,25,10,40,25
16,3,2,2023,March,20,10,20,50
16,3,3,2023,March,25,10,20,45
16,3,4,2023,March,15,15,20,50
16,3,5,2023,March,15,15,20,50
16,3,6,2023,March,20,15,15,50
16,3,7,2023,March,10,5,50,35
16,3,8,2023,March,20,5,55,20
16,3,9,2023,March,20,15,45,20
16,3,10,2023,March,25,15,35,25
16,4,1,2023,March,15,35,10,40
16,4,2,2023,March,20,30,20,30
16,4,3,2023,March,30,15,15,40
16,4,4,2023,March,20,15,25,40
16,4,5,2023,March,35,10,25,30
16,4,6,2023,March,20,10,50,20
16,4,7,2023,March,20,15,15,50
16,4,8,2023,March,35,15,15,35
16,4,9,2023,March,35,20,10,35
16,4,10,2023,March,20,15,20,45
17,1,1,2023,March,20,10,15,55
17,1,2,2023,March,10,5,70,15
17,1,3,2023,March,25,10,45,20
17,1,4,2023,March,25,10,65,0
17,1,5,2023,March,40,10,45,5
17,1,6,2023,March,15,2,81,2
17,1,7,2023,March,50,2,48,0
17,1,8,2023,March,20,10,55,15
17,1,9,2023,March,20,5,60,15
17,1,10,2023,March,10,5,70,15
17,2,1,2023,March,45,5,30,20
17,2,2,2023,March,30,10,30,30
17,2,3,2023,March,20,5,75,0
17,2,4,2023,March,15,5,70,10
17,2,5,2023,March,15,10,70,5
17,2,6,2023,March,10,5,50,35
17,2,7,2023,March,25,5,60,10
17,2,8,2023,March,30,10,40,20
17,2,9,2023,March,50,5,45,0
17,2,10,2023,March,35,15,20,30
17,3,1,2023,March,20,5,70,5
17,3,2,2023,March,15,10,20,55
17,3,3,2023,March,20,10,40,30
17,3,4,2023,March,65,20,10,5
17,3,5,2023,March,35,30,25,10
17,3,6,2023,March,10,5,55,30
17,3,7,2023,March,20,10,55,15
17,3,8,2023,March,20,5,65,10
17,3,9,2023,March,50,15,20,15
17,3,10,2023,March,25,5,60,10
17,4,1,2023,March,40,5,10,45
17,4,2,2023,March,10,15,40,35
17,4,3,2023,March,10,10,55,25
17,4,4,2023,March,20,10,35,35
17,4,5,2023,March,35,5,55,5
17,4,6,2023,March,20,10,45,25
17,4,7,2023,March,40,5,35,20
17,4,8,2023,March,45,5,20,30
17,4,9,2023,March,20,20,60,0
17,4,10,2023,March,15,10,60,15
1,1,1,2003,October,85,0,0,15
1,1,2,2003,October,85,0,0,15
1,1,3,2003,October,70,0,0,30
1,1,4,2003,October,80,0,0,20
1,1,5,2003,October,90,0,0,10
1,1,6,2003,October,80,0,0,20
1,1,7,2003,October,80,0,0,20
1,1,8,2003,October,60,0,0,40
1,1,9,2003,October,90,0,0,10
1,1,10,2003,October,95,0,0,5
1,2,1,2003,October,90,0,0,10
1,2,2,2003,October,75,0,0,25
1,2,3,2003,October,80,0,0,20
1,2,4,2003,October,40,0,0,60
1,2,5,2003,October,70,0,0,30
1,2,6,2003,October,20,20,0,60
1,2,7,2003,October,60,0,0,40
1,2,8,2003,October,40,10,0,50
1,2,9,2003,October,45,15,0,40
1,2,10,2003,October,70,15,0,15
1,3,1,2003,October,65,5,0,30
1,3,2,2003,October,80,0,0,20
1,3,3,2003,October,55,0,0,45
1,3,4,2003,October,60,10,0,30
1,3,5,2003,October,50,10,0,40
1,3,6,2003,October,80,0,0,20
1,3,7,2003,October,50,5,0,45
1,3,8,2003,October,0,90,0,10
1,3,9,2003,October,95,0,0,5
1,3,10,2003,October,80,0,0,20
1,4,1,2003,October,90,0,0,10
1,4,2,2003,October,85,0,0,15
1,4,3,2003,October,90,0,0,10
1,4,4,2003,October,70,0,0,30
1,4,5,2003,October,75,0,0,25
1,4,6,2003,October,50,0,0,50
1,4,7,2003,October,70,5,0,25
1,4,8,2003,October,90,0,0,10
1,4,9,2003,October,90,5,0,5
1,4,10,2003,October,95,0,0,5
2,1,1,2003,October,45,15,0,40
2,1,2,2003,October,60,10,0,30
2,1,3,2003,October,45,40,0,15
2,1,4,2003,October,70,25,0,5
2,1,5,2003,October,85,10,0,5
2,1,6,2003,October,75,20,0,5
2,1,7,2003,October,20,80,0,0
2,1,8,2003,October,40,60,0,0
2,1,9,2003,October,40,15,0,45
2,1,10,2003,October,75,10,0,15
2,2,1,2003,October,55,30,0,15
2,2,2,2003,October,25,70,0,5
2,2,3,2003,October,65,10,0,25
2,2,4,2003,October,30,30,0,40
2,2,5,2003,October,60,40,0,0
2,2,6,2003,October,20,70,0,10
2,2,7,2003,October,50,20,0,30
2,2,8,2003,October,65,10,0,25
2,2,9,2003,October,30,60,0,10
2,2,10,2003,October,20,50,0,30
2,3,1,2003,October,70,5,0,25
2,3,2,2003,October,80,5,0,15
2,3,3,2003,October,75,20,0,5
2,3,4,2003,October,60,10,0,30
2,3,5,2003,October,95,0,0,5
2,3,6,2003,October,80,5,0,15
2,3,7,2003,October,80,5,0,15
2,3,8,2003,October,70,25,0,5
2,3,9,2003,October,60,20,0,20
2,3,10,2003,October,75,20,0,5
2,4,1,2003,October,60,15,0,25
2,4,2,2003,October,30,50,0,20
2,4,3,2003,October,40,10,0,50
2,4,4,2003,October,10,10,0,80
2,4,5,2003,October,40,10,0,50
2,4,6,2003,October,0,0,0,100
2,4,7,2003,October,30,45,0,25
2,4,8,2003,October,50,30,0,20
2,4,9,2003,October,50,20,0,30
2,4,10,2003,October,20,60,0,20
3,1,1,2003,October,55,5,10,30
3,1,2,2003,October,30,15,30,25
3,1,3,2003,October,25,5,10,60
3,1,4,2003,October,30,10,10,50
3,1,5,2003,October,50,10,15,25
3,1,6,2003,October,70,0,10,20
3,1,7,2003,October,50,10,20,20
3,1,8,2003,October,50,0,20,30
3,1,9,2003,October,60,10,5,25
3,1,10,2003,October,40,0,30,30
3,2,1,2003,October,50,15,15,20
3,2,2,2003,October,30,5,10,55
3,2,3,2003,October,40,20,15,25
3,2,4,2003,October,35,10,15,40
3,2,5,2003,October,15,0,10,75
3,2,6,2003,October,15,20,40,25
3,2,7,2003,October,15,0,15,70
3,2,8,2003,October,40,20,5,35
3,2,9,2003,October,40,0,30,30
3,2,10,2003,October,30,10,50,10
3,3,1,2003,October,40,10,20,30
3,3,2,2003,October,50,25,10,15
3,3,3,2003,October,75,0,5,20
3,3,4,2003,October,50,10,15,25
3,3,5,2003,October,60,15,10,15
3,3,6,2003,October,80,10,10,0
3,3,7,2003,October,45,15,10,30
3,3,8,2003,October,65,0,15,20
3,3,9,2003,October,55,0,20,25
3,3,10,2003,October,15,0,10,75
3,4,1,2003,October,65,15,5,15
3,4,2,2003,October,60,0,5,35
3,4,3,2003,October,65,0,5,30
3,4,4,2003,October,75,15,5,5
3,4,5,2003,October,25,5,20,50
3,4,6,2003,October,55,20,5,20
3,4,7,2003,October,40,10,5,45
3,4,8,2003,October,65,0,10,25
3,4,9,2003,October,40,20,10,30
3,4,10,2003,October,50,0,15,35
4,1,1,2003,October,30,30,20,20
4,1,2,2003,October,50,0,0,50
4,1,3,2003,October,15,10,0,75
4,1,4,2003,October,60,10,15,15
4,1,5,2003,October,95,0,5,0
4,1,6,2003,October,25,5,20,50
4,1,7,2003,October,55,0,5,40
4,1,8,2003,October,50,25,5,20
4,1,9,2003,October,65,5,0,30
4,1,10,2003,October,70,0,20,10
4,2,1,2003,October,30,0,20,50
4,2,2,2003,October,60,0,10,30
4,2,3,2003,October,40,20,15,25
4,2,4,2003,October,45,0,10,45
4,2,5,2003,October,15,20,0,65
4,2,6,2003,October,55,20,0,25
4,2,7,2003,October,30,0,0,70
4,2,8,2003,October,15,20,15,50
4,2,9,2003,October,60,20,0,20
4,2,10,2003,October,35,5,0,60
4,3,1,2003,October,20,70,0,10
4,3,2,2003,October,30,20,0,50
4,3,3,2003,October,0,0,30,70
4,3,4,2003,October,20,10,0,70
4,3,5,2003,October,15,70,0,15
4,3,6,2003,October,30,30,0,40
4,3,7,2003,October,25,20,0,55
4,3,8,2003,October,50,10,0,40
4,3,9,2003,October,40,10,0,50
4,3,10,2003,October,65,10,0,25
4,4,1,2003,October,40,50,0,10
4,4,2,2003,October,20,20,50,10
4,4,3,2003,October,20,0,40,40
4,4,4,2003,October,30,0,20,50
4,4,5,2003,October,30,10,30,30
4,4,6,2003,October,30,25,20,25
4,4,7,2003,October,15,5,80,0
4,4,8,2003,October,60,5,25,10
4,4,9,2003,October,45,30,5,20
4,4,10,2003,October,20,50,5,25
5,1,1,2003,October,20,10,50,20
5,1,2,2003,October,10,15,75,0
5,1,3,2003,October,20,10,60,10
5,1,4,2003,October,40,10,15,35
5,1,5,2003,October,20,20,50,10
5,1,6,2003,October,50,45,0,5
5,1,7,2003,October,30,20,20,30
5,1,8,2003,October,45,5,20,30
5,1,9,2003,October,20,5,50,25
5,1,10,2003,October,50,5,20,25
5,2,1,2003,October,50,0,20,30
5,2,2,2003,October,15,5,50,30
5,2,3,2003,October,30,0,50,20
5,2,4,2003,October,15,0,60,25
5,2,5,2003,October,25,5,50,20
5,2,6,2003,October,15,0,50,35
5,2,7,2003,October,25,0,40,35
5,2,8,2003,October,30,10,30,30
5,2,9,2003,October,35,0,15,50
5,2,10,2003,October,25,0,50,25
5,3,1,2003,October,5,75,15,5
5,3,2,2003,October,5,45,20,30
5,3,3,2003,October,10,0,25,65
5,3,4,2003,October,5,30,40,25
5,3,5,2003,October,20,20,20,40
5,3,6,2003,October,0,45,0,55
5,3,7,2003,October,20,0,60,20
5,3,8,2003,October,15,0,40,45
5,3,9,2003,October,5,0,20,75
5,3,10,2003,October,10,0,30,60
5,4,1,2003,October,10,30,30,30
5,4,2,2003,October,0,40,40,20
5,4,3,2003,October,30,0,50,20
5,4,4,2003,October,20,0,40,40
5,4,5,2003,October,10,0,30,60
5,4,6,2003,October,10,10,50,30
5,4,7,2003,October,20,0,40,40
5,4,8,2003,October,25,0,30,45
5,4,9,2003,October,5,15,45,35
5,4,10,2003,October,35,0,15,50
6,1,1,2003,October,90,0,0,10
6,1,2,2003,October,80,10,0,10
6,1,3,2003,October,90,0,0,10
6,1,4,2003,October,85,5,0,10
6,1,5,2003,October,80,10,0,10
6,1,6,2003,October,95,0,0,5
6,1,7,2003,October,90,0,0,10
6,1,8,2003,October,90,0,0,10
6,1,9,2003,October,95,0,0,5
6,1,10,2003,October,80,0,5,15
6,2,1,2003,October,0,5,75,20
6,2,2,2003,October,0,10,20,70
6,2,3,2003,October,5,0,0,95
6,2,4,2003,October,55,0,5,40
6,2,5,2003,October,65,10,5,20
6,2,6,2003,October,10,0,15,75
6,2,7,2003,October,25,0,45,30
6,2,8,2003,October,5,0,15,80
6,2,9,2003,October,5,10,20,65
6,2,10,2003,October,40,0,30,30
6,3,1,2003,October,25,0,0,75
6,3,2,2003,October,30,10,0,60
6,3,3,2003,October,55,10,0,35
6,3,4,2003,October,20,5,0,75
6,3,5,2003,October,50,0,0,50
6,3,6,2003,October,70,10,0,20
6,3,7,2003,October,20,0,0,80
6,3,8,2003,October,70,0,0,30
6,3,9,2003,October,50,10,0,40
6,3,10,2003,October,75,0,0,25
6,4,1,2003,October,35,0,25,40
6,4,2,2003,October,40,0,30,30
6,4,3,2003,October,15,0,10,75
6,4,4,2003,October,15,0,10,75
6,4,5,2003,October,40,0,30,30
6,4,6,2003,October,20,0,40,40
6,4,7,2003,October,60,0,15,25
6,4,8,2003,October,20,10,15,55
6,4,9,2003,October,20,5,35,40
6,4,10,2003,October,5,0,30,65
7,1,1,2003,October,65,0,10,25
7,1,2,2003,October,10,0,10,80
7,1,3,2003,October,20,0,5,75
7,1,4,2003,October,15,0,5,80
7,1,5,2003,October,20,0,5,75
7,1,6,2003,October,20,0,50,30
7,1,7,2003,October,35,0,15,50
7,1,8,2003,October,50,0,10,40
7,1,9,2003,October,50,0,20,30
7,1,10,2003,October,35,0,15,50
7,2,1,2003,October,70,0,5,25
7,2,2,2003,October,60,0,10,30
7,2,3,2003,October,50,0,15,35
7,2,4,2003,October,45,0,20,35
7,2,5,2003,October,40,10,20,30
7,2,6,2003,October,40,0,30,30
7,2,7,2003,October,35,0,30,35
7,2,8,2003,October,40,0,40,20
7,2,9,2003,October,55,0,15,30
7,2,10,2003,October,35,0,40,25
7,3,1,2003,October,55,0,25,20
7,3,2,2003,October,45,0,10,45
7,3,3,2003,October,70,0,15,15
7,3,4,2003,October,55,0,5,40
7,3,5,2003,October,60,10,5,25
7,3,6,2003,October,60,0,15,25
7,3,7,2003,October,70,0,10,20
7,3,8,2003,October,50,15,20,15
7,3,9,2003,October,60,0,20,20
7,3,10,2003,October,55,0,30,15
7,4,1,2003,October,65,0,10,25
7,4,2,2003,October,75,5,5,15
7,4,3,2003,October,60,0,5,35
7,4,4,2003,October,55,0,10,35
7,4,5,2003,October,60,0,15,25
7,4,6,2003,October,55,5,5,35
7,4,7,2003,October,50,5,5,40
7,4,8,2003,October,70,0,5,25
7,4,9,2003,October,65,10,5,20
7,4,10,2003,October,65,5,5,25
8,1,1,2003,October,65,0,15,20
8,1,2,2003,October,55,0,0,45
8,1,3,2003,October,30,20,0,50
8,1,4,2003,October,50,0,0,50
8,1,5,2003,October,0,0,0,100
8,1,6,2003,October,20,0,0,80
8,1,7,2003,October,65,0,0,35
8,1,8,2003,October,60,0,0,40
8,1,9,2003,October,40,0,30,30
8,1,10,2003,October,60,0,15,25
8,2,1,2003,October,60,0,0,40
8,2,2,2003,October,65,0,10,25
8,2,3,2003,October,70,0,10,20
8,2,4,2003,October,55,0,5,40
8,2,5,2003,October,50,5,0,45
8,2,6,2003,October,50,0,0,50
8,2,7,2003,October,55,0,10,35
8,2,8,2003,October,75,5,10,10
8,2,9,2003,October,50,0,15,35
8,2,10,2003,October,45,0,30,25
8,3,1,2003,October,35,5,15,45
8,3,2,2003,October,50,0,20,30
8,3,3,2003,October,30,0,20,50
8,3,4,2003,October,50,0,10,40
8,3,5,2003,October,25,0,5,70
8,3,6,2003,October,35,0,15,50
8,3,7,2003,October,20,0,50,30
8,3,8,2003,October,50,10,10,30
8,3,9,2003,October,50,10,20,20
8,3,10,2003,October,20,10,20,50
8,4,1,2003,October,60,0,20,20
8,4,2,2003,October,35,0,25,40
8,4,3,2003,October,30,10,20,40
8,4,4,2003,October,10,0,20,70
8,4,5,2003,October,25,0,25,50
8,4,6,2003,October,40,0,20,40
8,4,7,2003,October,30,0,40,30
8,4,8,2003,October,5,0,30,65
8,4,9,2003,October,20,15,15,50
8,4,10,2003,October,30,5,15,50
9,1,1,2003,October,55,0,5,40
9,1,2,2003,October,5,0,15,80
9,1,3,2003,October,5,0,15,80
9,1,4,2003,October,10,0,15,75
9,1,5,2003,October,20,0,15,65
9,1,6,2003,October,15,0,15,70
9,1,7,2003,October,40,0,5,55
9,1,8,2003,October,10,10,20,60
9,1,9,2003,October,15,0,20,65
9,1,10,2003,October,20,0,20,60
9,2,1,2003,October,50,0,20,30
9,2,2,2003,October,25,0,15,60
9,2,3,2003,October,35,0,20,45
9,2,4,2003,October,20,0,10,70
9,2,5,2003,October,35,0,5,60
9,2,6,2003,October,20,0,10,70
9,2,7,2003,October,20,0,15,65
9,2,8,2003,October,5,0,20,75
9,2,9,2003,October,10,0,20,70
9,2,10,2003,October,35,0,20,45
9,3,1,2003,October,15,0,20,65
9,3,2,2003,October,20,0,20,60
9,3,3,2003,October,40,0,20,40
9,3,4,2003,October,10,0,30,60
9,3,5,2003,October,10,0,40,50
9,3,6,2003,October,5,0,25,70
9,3,7,2003,October,10,0,20,70
9,3,8,2003,October,5,0,15,80
9,3,9,2003,October,30,0,15,55
9,3,10,2003,October,25,0,15,60
9,4,1,2003,October,20,0,20,60
9,4,2,2003,October,10,0,20,70
9,4,3,2003,October,20,0,5,75
9,4,4,2003,October,0,0,0,100
9,4,5,2003,October,0,0,0,100
9,4,6,2003,October,10,0,0,90
9,4,7,2003,October,35,0,0,65
9,4,8,2003,October,40,0,30,30
9,4,9,2003,October,40,0,30,30
9,4,10,2003,October,40,0,30,30
10,1,1,2003,October,30,10,30,30
10,1,2,2003,October,15,0,30,55
10,1,3,2003,October,20,0,20,60
10,1,4,2003,October,25,0,40,35
10,1,5,2003,October,10,0,30,60
10,1,6,2003,October,20,0,10,70
10,1,7,2003,October,40,0,30,30
10,1,8,2003,October,20,0,40,40
10,1,9,2003,October,25,0,40,35
10,1,10,2003,October,5,0,50,45
10,2,1,2003,October,15,0,50,35
10,2,2,2003,October,45,0,20,35
10,2,3,2003,October,40,0,40,20
10,2,4,2003,October,20,0,25,55
10,2,5,2003,October,10,0,20,70
10,2,6,2003,October,35,0,40,25
10,2,7,2003,October,20,0,40,40
10,2,8,2003,October,30,10,25,35
10,2,9,2003,October,15,5,50,30
10,2,10,2003,October,15,5,40,40
10,3,1,2003,October,10,0,45,45
10,3,2,2003,October,30,0,30,40
10,3,3,2003,October,25,0,25,50
10,3,4,2003,October,5,0,25,70
10,3,5,2003,October,20,0,20,60
10,3,6,2003,October,20,0,30,50
10,3,7,2003,October,20,0,25,55
10,3,8,2003,October,30,0,15,55
10,3,9,2003,October,30,0,20,50
10,3,10,2003,October,20,0,40,40
10,4,1,2003,October,40,0,50,10
10,4,2,2003,October,20,0,20,60
10,4,3,2003,October,20,0,40,40
10,4,4,2003,October,20,0,30,50
10,4,5,2003,October,0,0,25,75
10,4,6,2003,October,25,0,30,45
10,4,7,2003,October,5,0,80,15
10,4,8,2003,October,15,0,50,35
10,4,9,2003,October,15,0,30,55
10,4,10,2003,October,20,0,40,40
11,1,1,2003,October,30,0,40,30
11,1,2,2003,October,60,0,20,20
11,1,3,2003,October,60,0,0,40
11,1,4,2003,October,70,0,0,30
11,1,5,2003,October,60,0,20,20
11,1,6,2003,October,80,0,5,15
11,1,7,2003,October,40,0,40,20
11,1,8,2003,October,65,0,15,20
11,1,9,2003,October,80,0,5,15
11,1,10,2003,October,30,0,50,20
11,2,1,2003,October,70,0,5,25
11,2,2,2003,October,30,0,30,40
11,2,3,2003,October,50,0,20,30
11,2,4,2003,October,80,0,10,10
11,2,5,2003,October,55,0,15,30
11,2,6,2003,October,75,0,0,25
11,2,7,2003,October,60,0,10,30
11,2,8,2003,October,50,0,25,25
11,2,9,2003,October,70,0,0,30
11,2,10,2003,October,70,0,5,25
11,3,1,2003,October,20,0,5,75
11,3,2,2003,October,20,20,0,60
11,3,3,2003,October,5,20,20,55
11,3,4,2003,October,20,0,0,80
11,3,5,2003,October,40,15,25,20
11,3,6,2003,October,40,0,60,0
11,3,7,2003,October,10,0,80,10
11,3,8,2003,October,10,0,0,90
11,3,9,2003,October,70,0,10,20
11,3,10,2003,October,5,0,5,90
11,4,1,2003,October,60,0,0,40
11,4,2,2003,October,55,5,0,40
11,4,3,2003,October,45,0,5,50
11,4,4,2003,October,70,0,5,25
11,4,5,2003,October,70,0,0,30
11,4,6,2003,October,40,0,0,60
11,4,7,2003,October,60,0,0,40
11,4,8,2003,October,60,0,0,40
11,4,9,2003,October,50,0,0,50
11,4,10,2003,October,60,0,0,40
12,1,1,2003,October,40,5,40,15
12,1,2,2003,October,35,0,30,35
12,1,3,2003,October,25,0,50,25
12,1,4,2003,October,15,5,40,40
12,1,5,2003,October,25,0,50,25
12,1,6,2003,October,15,5,60,20
12,1,7,2003,October,25,0,50,25
12,1,8,2003,October,35,0,50,15
12,1,9,2003,October,35,0,50,15
12,1,10,2003,October,25,0,50,25
12,2,1,2003,October,35,0,40,25
12,2,2,2003,October,25,0,40,35
12,2,3,2003,October,15,0,50,35
12,2,4,2003,October,10,0,40,50
12,2,5,2003,October,20,0,40,40
12,2,6,2003,October,20,0,50,30
12,2,7,2003,October,15,10,50,25
12,2,8,2003,October,20,0,25,55
12,2,9,2003,October,10,0,55,35
12,2,10,2003,October,40,0,50,10
12,3,1,2003,October,25,0,60,15
12,3,2,2003,October,15,0,50,35
12,3,3,2003,October,20,10,40,30
12,3,4,2003,October,25,10,30,35
12,3,5,2003,October,10,10,50,30
12,3,6,2003,October,10,0,60,30
12,3,7,2003,October,45,0,20,35
12,3,8,2003,October,45,0,20,35
12,3,9,2003,October,45,0,20,35
12,3,10,2003,October,25,0,40,35
12,4,1,2003,October,35,0,50,15
12,4,2,2003,October,20,10,40,30
12,4,3,2003,October,45,0,30,25
12,4,4,2003,October,25,5,45,25
12,4,5,2003,October,20,0,50,30
12,4,6,2003,October,15,0,30,55
12,4,7,2003,October,20,0,40,40
12,4,8,2003,October,15,10,40,35
12,4,9,2003,October,30,30,10,30
12,4,10,2003,October,40,0,40,20
13,1,1,2003,October,15,0,5,80
13,1,2,2003,October,15,0,10,75
13,1,3,2003,October,35,0,20,45
13,1,4,2003,October,45,0,15,40
13,1,5,2003,October,45,0,10,45
13,1,6,2003,October,55,0,15,30
13,1,7,2003,October,55,15,0,30
13,1,8,2003,October,35,0,5,60
13,1,9,2003,October,40,5,0,55
13,1,10,2003,October,65,0,15,20
13,2,1,2003,October,30,0,40,30
13,2,2,2003,October,40,0,20,40
13,2,3,2003,October,45,5,30,20
13,2,4,2003,October,60,0,15,25
13,2,5,2003,October,60,5,15,20
13,2,6,2003,October,40,0,20,40
13,2,7,2003,October,40,0,30,30
13,2,8,2003,October,40,0,20,40
13,2,9,2003,October,45,0,15,40
13,2,10,2003,October,50,0,25,25
13,3,1,2003,October,20,0,40,40
13,3,2,2003,October,30,0,30,40
13,3,3,2003,October,40,0,25,35
13,3,4,2003,October,50,0,20,30
13,3,5,2003,October,30,0,20,50
13,3,6,2003,October,30,0,10,60
13,3,7,2003,October,40,0,20,40
13,3,8,2003,October,30,0,10,60
13,3,9,2003,October,40,0,20,40
13,3,10,2003,October,15,0,50,35
13,4,1,2003,October,30,0,20,50
13,4,2,2003,October,50,0,25,25
13,4,3,2003,October,45,0,15,40
13,4,4,2003,October,55,0,25,20
13,4,5,2003,October,60,0,20,20
13,4,6,2003,October,60,0,20,20
13,4,7,2003,October,30,0,30,40
13,4,8,2003,October,40,0,20,40
13,4,9,2003,October,50,0,10,40
13,4,10,2003,October,30,0,40,30
14,1,1,2003,October,20,0,0,80
14,1,2,2003,October,0,0,0,100
14,1,3,2003,October,10,0,0,90
14,1,4,2003,October,5,0,0,95
14,1,5,2003,October,15,0,0,85
14,1,6,2003,October,50,0,0,50
14,1,7,2003,October,20,0,0,80
14,1,8,2003,October,0,0,0,100
14,1,9,2003,October,0,0,0,100
14,1,10,2003,October,5,0,0,95
14,2,1,2003,October,40,0,50,10
14,2,2,2003,October,10,0,75,15
14,2,3,2003,October,55,0,20,25
14,2,4,2003,October,35,0,5,60
14,2,5,2003,October,20,0,40,40
14,2,6,2003,October,65,0,15,20
14,2,7,2003,October,75,0,5,20
14,2,8,2003,October,80,0,0,20
14,2,9,2003,October,70,0,0,30
14,2,10,2003,October,75,0,0,25
14,3,1,2003,October,40,0,20,40
14,3,2,2003,October,70,0,10,20
14,3,3,2003,October,70,0,5,25
14,3,4,2003,October,70,0,10,20
14,3,5,2003,October,45,0,10,45
14,3,6,2003,October,75,0,0,25
14,3,7,2003,October,20,0,40,40
14,3,8,2003,October,50,0,20,30
14,3,9,2003,October,30,0,50,20
14,3,10,2003,October,65,0,15,20
14,4,1,2003,October,30,0,0,70
14,4,2,2003,October,70,0,0,30
14,4,3,2003,October,50,0,0,50
14,4,4,2003,October,70,0,0,30
14,4,5,2003,October,70,0,0,30
14,4,6,2003,October,40,0,0,60
14,4,7,2003,October,60,0,0,40
14,4,8,2003,October,75,0,0,25
14,4,9,2003,October,45,0,0,55
14,4,10,2003,October,60,0,0,40
15,1,1,2003,October,65,0,0,35
15,1,2,2003,October,60,0,0,40
15,1,3,2003,October,45,0,0,55
15,1,4,2003,October,50,0,0,50
15,1,5,2003,October,55,0,0,45
15,1,6,2003,October,50,0,0,50
15,1,7,2003,October,60,0,0,40
15,1,8,2003,October,70,0,0,30
15,1,9,2003,October,75,0,0,25
15,1,10,2003,October,45,0,0,55
15,2,1,2003,October,30,0,0,70
15,2,2,2003,October,50,5,0,45
15,2,3,2003,October,30,0,0,70
15,2,4,2003,October,65,0,0,35
15,2,5,2003,October,50,0,0,50
15,2,6,2003,October,80,0,0,20
15,2,7,2003,October,50,10,0,40
15,2,8,2003,October,30,0,0,70
15,2,9,2003,October,60,0,0,40
15,2,10,2003,October,40,0,0,60
15,3,1,2003,October,80,0,0,20
15,3,2,2003,October,80,0,0,20
15,3,3,2003,October,45,0,0,55
15,3,4,2003,October,75,0,0,25
15,3,5,2003,October,85,0,0,15
15,3,6,2003,October,75,0,0,25
15,3,7,2003,October,85,0,0,15
15,3,8,2003,October,75,0,0,25
15,3,9,2003,October,70,0,0,30
15,3,10,2003,October,65,0,0,45
15,4,1,2003,October,80,0,0,20
15,4,2,2003,October,80,0,0,20
15,4,3,2003,October,75,0,0,25
15,4,4,2003,October,85,0,0,15
15,4,5,2003,October,80,0,0,20
15,4,6,2003,October,85,0,0,15
15,4,7,2003,October,70,0,0,30
15,4,8,2003,October,40,0,40,20
15,4,9,2003,October,55,0,30,15
15,4,10,2003,October,90,0,0,10
16,1,1,2003,October,75,0,10,15
16,1,2,2003,October,75,0,10,15
16,1,3,2003,October,60,0,20,20
16,1,4,2003,October,75,0,5,20
16,1,5,2003,October,45,0,20,35
16,1,6,2003,October,75,0,10,15
16,1,7,2003,October,85,5,5,5
16,1,8,2003,October,55,0,15,30
16,1,9,2003,October,70,5,10,15
16,1,10,2003,October,60,0,20,20
16,2,1,2003,October,70,0,0,30
16,2,2,2003,October,90,0,0,10
16,2,3,2003,October,80,0,5,15
16,2,4,2003,October,85,0,0,15
16,2,5,2003,October,85,0,5,10
16,2,6,2003,October,95,0,0,5
16,2,7,2003,October,80,0,0,20
16,2,8,2003,October,80,0,0,20
16,2,9,2003,October,70,5,0,25
16,2,10,2003,October,85,0,0,15
16,3,1,2003,October,65,0,20,15
16,3,2,2003,October,50,0,30,20
16,3,3,2003,October,15,0,75,10
16,3,4,2003,October,50,0,30,20
16,3,5,2003,October,40,0,40,20
16,3,6,2003,October,55,0,30,15
16,3,7,2003,October,10,0,75,15
16,3,8,2003,October,30,0,50,20
16,3,9,2003,October,15,0,60,25
16,3,10,2003,October,55,0,25,20
16,4,1,2003,October,60,0,20,20
16,4,2,2003,October,40,0,40,20
16,4,3,2003,October,25,0,40,35
16,4,4,2003,October,55,5,20,20
16,4,5,2003,October,20,0,40,40
16,4,6,2003,October,55,5,10,30
16,4,7,2003,October,55,0,30,15
16,4,8,2003,October,20,0,40,40
16,4,9,2003,October,60,0,15,25
16,4,10,2003,October,85,0,5,10
17,1,1,2003,October,60,0,40,0
17,1,2,2003,October,85,0,5,10
17,1,3,2003,October,65,0,20,15
17,1,4,2003,October,35,0,60,5
17,1,5,2003,October,30,0,50,20
17,1,6,2003,October,45,0,50,5
17,1,7,2003,October,50,5,40,5
17,1,8,2003,October,55,0,40,5
17,1,9,2003,October,60,0,40,0
17,1,10,2003,October,65,0,20,15
17,2,1,2003,October,60,0,40,0
17,2,2,2003,October,65,0,25,10
17,2,3,2003,October,55,0,40,5
17,2,4,2003,October,55,15,25,5
17,2,5,2003,October,15,0,70,15
17,2,6,2003,October,50,0,40,10
17,2,7,2003,October,65,5,30,0
17,2,8,2003,October,45,0,50,5
17,2,9,2003,October,50,0,30,20
17,2,10,2003,October,55,5,20,20
17,3,1,2003,October,15,0,85,0
17,3,2,2003,October,20,0,60,20
17,3,3,2003,October,10,0,85,5
17,3,4,2003,October,15,0,80,5
17,3,5,2003,October,30,0,50,20
17,3,6,2003,October,50,5,45,0
17,3,7,2003,October,50,0,45,5
17,3,8,2003,October,65,0,30,5
17,3,9,2003,October,15,0,80,5
17,3,10,2003,October,10,0,80,10
17,4,1,2003,October,45,0,50,5
17,4,2,2003,October,15,0,60,25
17,4,3,2003,October,15,0,75,10
17,4,4,2003,October,50,0,45,5
17,4,5,2003,October,40,0,40,20
17,4,6,2003,October,35,10,50,5
17,4,7,2003,October,70,0,20,10
17,4,8,2003,October,20,0,70,10
17,4,9,2003,October,35,0,60,5
17,4,10,2003,October,55,5,40,0
